Timestamp,Chester_X,Chester_Y,Chester_Theta,Detected_Human_X,Detected_Human_Y,Detected_Distance,Detected_Confidence,True_Distance,Human_X,Human_Y
1746642180.25567,-1.99993890683709,-0.49999972925136,3.67248255021158E-05,,,,,,1.28835,-0.545946
1746642180.75583,-1.99993908190701,-0.499999603056709,3.70348499241941E-05,,,,,,1.28835,-0.545946
1746642181.26836,-1.99993905818337,-0.499999601495466,3.73703296324167E-05,,,,,,1.28835,-0.545946
1746642181.76666,-1.99993905818337,-0.499999601495466,3.73703296324167E-05,,,,,,1.28835,-0.545946
1746642182.25335,-1.99993912634723,-0.499999476181532,3.76872228651438E-05,,,,,,1.28835,-0.545946
1746642182.75507,-1.99993910584566,-0.499999521296473,3.80145845458691E-05,,,,,,1.28835,-0.545946
1746642183.2675,-1.99993891521944,-0.499999695946868,3.84219818954147E-05,,,,,,1.28835,-0.545946
1746642183.75657,-1.99993912843021,-0.499999620859838,3.86769553245619E-05,,,,,,1.28835,-0.545946
1746642184.25339,-1.99993915116635,-0.49999959682627,3.90075787632452E-05,,,,,,1.28835,-0.545946
1746642184.75851,-1.9999390283524,-0.499999609259088,3.92276171930628E-05,,,,,,1.28835,-0.545946
1746642185.25812,-1.99993918236515,-0.499999550121975,3.94976212602592E-05,,,,,,1.28835,-0.545946
1746642185.75395,-1.99993917457504,-0.499999602415737,3.98732680793541E-05,,,,,,1.28835,-0.545946
1746642186.25271,-1.99993920704372,-0.499999669250096,4.02623255129134E-05,3.18710684776306,-0.123166374862194,3.18948578834534,0.719964683055878,3.18948578834534,1.28835,-0.545946
1746642186.75613,-1.99993905818313,-0.499999619233615,4.06152464233712E-05,3.18686938285828,-0.129164859652519,3.18948578834534,0.74935120344162,3.18948578834534,1.28835,-0.545946
1746642187.2533,-1.99993923293778,-0.49999964859004,4.09763748455239E-05,3.18686938285828,-0.129164859652519,3.18948578834534,0.74935120344162,3.18948578834534,1.28835,-0.545946
1746642187.7529,-1.99993923907928,-0.499999605197064,4.1297568077458E-05,3.18312001228333,-0.129012897610664,3.18573331832886,0.692453742027283,3.18573331832886,1.28835,-0.545946
1746642188.25912,-1.99993905049962,-0.499999585772696,4.17112709394074E-05,3.18312001228333,-0.129012897610664,3.18573331832886,0.692453742027283,3.18573331832886,1.28835,-0.545946
1746642188.75389,-1.99993917765392,-0.49999954561559,4.20297346804388E-05,3.18114757537842,-0.122936084866524,3.18352222442627,0.713546752929688,3.18352222442627,1.28835,-0.545946
1746642189.25296,-1.99993928587018,-0.499999612709279,4.24631640673844E-05,3.18114757537842,-0.122936084866524,3.18352222442627,0.713546752929688,3.18352222442627,1.28835,-0.545946
1746642189.75382,-1.99993923496218,-0.499999537678515,4.28024628710541E-05,3.18114757537842,-0.122936084866524,3.18352222442627,0.713546752929688,3.18352222442627,1.28835,-0.545946
1746642190.25265,-1.99993921419724,-0.499999497198026,4.3164401818143E-05,3.18114757537842,-0.122936084866524,3.18352222442627,0.713546752929688,3.18352222442627,1.28835,-0.545946
1746642190.75504,-1.99993931110885,-0.499999535538441,4.34894161781362E-05,,,,,,1.28835,-0.545946
1746642191.25547,-1.99993932784331,-0.499999592221275,4.38706052873051E-05,,,,,,1.28835,-0.545946
1746642191.75617,-1.99993927971381,-0.49999952463208,4.41255257036414E-05,,,,,,1.28835,-0.545946
1746642192.25273,-1.99993919755579,-0.499999607379839,4.44807307966403E-05,,,,,,1.28835,-0.545946
1746642192.75827,-1.98967346884841,-0.500001149577757,-0.00061853167142,3.17986989021301,-0.122886702418327,3.18224358558655,0.69729471206665,3.18224358558655,1.28835,-0.545946
1746642193.25474,-1.9624662573267,-0.500052934230278,-0.003221893955831,3.17986989021301,-0.122886702418327,3.18224358558655,0.69729471206665,3.18224358558655,1.28835,-0.545946
1746642193.75556,-1.93526093757537,-0.500175956247664,-0.005838729627612,3.17986989021301,-0.122886702418327,3.18224358558655,0.69729471206665,3.18224358558655,1.28835,-0.545946
1746642194.25553,-1.90125596689395,-0.500429579632633,-0.009109975844269,3.17986989021301,-0.122886702418327,3.18224358558655,0.69729471206665,3.18224358558655,1.28835,-0.545946
1746642194.75518,-1.87405256851376,-0.500712775805904,-0.011726843030233,,,,,,1.28835,-0.545946
1746642195.26189,-1.84344974339216,-0.501116574312445,-0.014670757183488,3.17986989021301,-0.122886702418327,3.18224358558655,0.713008046150208,3.18224358558655,1.28835,-0.545946
1746642195.76659,-1.81624838066198,-0.501551115798159,-0.017287584905968,3.17986989021301,-0.122886702418327,3.18224358558655,0.713008046150208,3.18224358558655,1.28835,-0.545946
1746642196.2596,-1.78904819195963,-0.50205662283562,-0.019904539681129,3.17986989021301,-0.122886702418327,3.18224358558655,0.713008046150208,3.18224358558655,1.28835,-0.545946
1746642196.75259,-1.76184930140127,-0.502633461716987,-0.022521404396135,3.17986989021301,-0.122886702418327,3.18224358558655,0.713008046150208,3.18224358558655,1.28835,-0.545946
1746642197.25454,-1.72785303306613,-0.50345460330811,-0.025792493219793,,,,,,1.28835,-0.545946
1746642197.76143,-1.70065809661125,-0.504191512945224,-0.028409396293763,,,,,,1.28835,-0.545946
1746642198.2542,-1.67346535769843,-0.504999708205868,-0.031026210674731,,,,,,1.28835,-0.545946
1746642198.7539,-1.64287591543758,-0.505993814305663,-0.033970247253873,,,,,,1.28835,-0.545946
1746642199.25965,-1.61908621202553,-0.506829324759924,-0.036260031124179,3.18065500259399,-0.098933227360249,3.18219327926636,0.621411681175232,3.18219327926636,1.28835,-0.545946
1746642199.75275,-1.59190113619734,-0.507845664632358,-0.038431374694201,3.18065500259399,-0.098933227360249,3.18219327926636,0.621411681175232,3.18219327926636,1.28835,-0.545946
1746642200.25488,-1.56132081633769,-0.509057576786185,-0.040801126732874,3.18065500259399,-0.098933227360249,3.18219327926636,0.621411681175232,3.18219327926636,1.28835,-0.545946
1746642200.76212,-1.53753801228837,-0.51005038715599,-0.042644307537255,3.18065500259399,-0.098933227360249,3.18219327926636,0.621411681175232,3.18219327926636,1.28835,-0.545946
1746642201.25378,-1.51035998777832,-0.511238558353875,-0.044750918310828,,,,,,1.28835,-0.545946
1746642201.7592,-1.48318442596028,-0.512483883465598,-0.046857572663388,,,,,,1.28835,-0.545946
1746642202.25258,-1.45601177039616,-0.513786581232739,-0.048964142449843,,,,,,1.28835,-0.545946
1746642202.7534,-1.43223792508643,-0.514973364193824,-0.050807402778448,,,,,,1.28835,-0.545946
1746642203.25301,-1.40167474139019,-0.516563702856843,-0.053177277528592,,,,,,1.28835,-0.545946
1746642203.75382,-1.3677204614722,-0.518415489428192,-0.055810582966014,,,,,,1.28835,-0.545946
1746642204.25768,-1.33716561323848,-0.520158782432922,-0.058180407063357,,,,,,1.28835,-0.545946
1746642204.75356,-1.33044410678441,-0.520552460184884,-0.05909981241911,,,,,,1.28835,-0.545946
1746642205.25449,-1.33044229983052,-0.520552545522538,-0.059100861811911,,,,,,1.28835,-0.545946
1746642205.75536,-1.33044256648703,-0.520552409284761,-0.059100671721183,,,,,,1.28835,-0.545946
1746642206.25842,-1.33044275577086,-0.520552423944991,-0.059100263245258,,,,,,1.28835,-0.545946
1746642206.76837,-1.32698297404874,-0.520757194825961,-0.059099678178066,2.99932336807251,-0.03675177320838,2.99954843521118,0.751225411891937,2.99954843521118,1.28835,-0.545946
1746642207.25618,-1.29982696339965,-0.522375320142719,-0.059928359423363,2.99932336807251,-0.03675177320838,2.99954843521118,0.751225411891937,2.99954843521118,1.28835,-0.545946
1746642207.76275,-1.27606971008199,-0.523809430825082,-0.0606544190009,2.60052824020386,0.136598825454712,2.60411334037781,0.715826809406281,2.60411334037781,1.28835,-0.545946
1746642208.25439,-1.24892379893766,-0.525424499630132,-0.057654859271808,2.60052824020386,0.136598825454712,2.60411334037781,0.715826809406281,2.60411334037781,1.28835,-0.545946
1746642208.75331,-1.21837866316719,-0.527126797620837,-0.053653005033204,2.60052824020386,0.136598825454712,2.60411334037781,0.715826809406281,2.60411334037781,1.28835,-0.545946
1746642209.25458,-1.19122185646734,-0.528537440861583,-0.050096832674665,2.60052824020386,0.136598825454712,2.60411334037781,0.715826809406281,2.60411334037781,1.28835,-0.545946
1746642209.78232,-1.1640603346289,-0.529851492036778,-0.046540602373043,,,,,,1.28835,-0.545946
1746642210.25766,-1.14029040257087,-0.530922079984417,-0.043428845483852,,,,,,1.28835,-0.545946
1746642210.75341,-1.11651708916026,-0.531918595423999,-0.040317198846031,,,,,,1.28835,-0.545946
1746642211.27302,-1.09274088229395,-0.532841334340655,-0.037205467737767,,,,,,1.28835,-0.545946
1746642211.75402,-1.06556462989749,-0.533805101625157,-0.033649280562434,,,,,,1.28835,-0.545946
1746642212.25757,-1.03498754062512,-0.534774094139996,-0.02964832862203,,,,,,1.28835,-0.545946
1746642212.75285,-1.00780492830405,-0.535532431651647,-0.026092164073286,,,,,,1.28835,-0.545946
1746642213.25604,-1.00107567186245,-0.535706050703184,-0.025848174161642,,,,,,1.28835,-0.545946
1746642213.75321,-1.00107430548724,-0.535705939779752,-0.025848182766856,,,,,,1.28835,-0.545946
1746642214.25354,-1.00107467369389,-0.53570610599637,-0.025847655914923,,,,,,1.28835,-0.545946
1746642214.75516,-1.00107487299891,-0.535706135754107,-0.025847261746162,,,,,,1.28835,-0.545946
1746642215.25459,-1.00107489250912,-0.535705928522047,-0.025847014550592,,,,,,1.28835,-0.545946
1746642215.7706,-1.00107490115858,-0.53570582073956,-0.025846702942701,,,,,,1.28835,-0.545946
1746642216.25479,-1.00107493371607,-0.53570576651476,-0.025846402691049,,,,,,1.28835,-0.545946
1746642216.75385,-1.00107489274294,-0.535705917916186,-0.025846018808217,2.53431868553162,0.050164002925158,2.53481507301331,0.752126693725586,2.53481507301331,1.28835,-0.545946
1746642217.30124,-0.977215712127172,-0.536312744290817,-0.02484018310284,2.53431868553162,0.050164002925158,2.53481507301331,0.752126693725586,2.53481507301331,1.28835,-0.545946
1746642217.7532,-0.946628785679984,-0.537050003781727,-0.023331868178054,2.53431868553162,0.050164002925158,2.53481507301331,0.752126693725586,2.53481507301331,1.28835,-0.545946
1746642218.25489,-0.916039592361752,-0.537741304307333,-0.02182268738143,2.53431868553162,0.050164002925158,2.53481507301331,0.752126693725586,2.53481507301331,1.28835,-0.545946
1746642218.75511,-0.895646236111056,-0.538176291928092,-0.020816754236231,,,,,,1.28835,-0.545946
1746642219.25905,-0.865055004592344,-0.538790448212315,-0.019307746655162,,,,,,1.28835,-0.545946
1746642219.75511,-0.834463042798214,-0.539358429726847,-0.017798699129168,,,,,,1.28835,-0.545946
1746642220.2647,-0.803870578853917,-0.539880324928059,-0.016289620745584,,,,,,1.28835,-0.545946
1746642220.75675,-0.77327714031992,-0.540356095583219,-0.014780562301651,,,,,,1.28835,-0.545946
1746642221.25508,-0.74608247300396,-0.540740206345185,-0.013439152389636,,,,,,1.28835,-0.545946
1746642221.75263,-0.712088059226862,-0.5411689240075,-0.011762461600408,,,,,,1.28835,-0.545946
1746642222.25845,-0.708757755374261,-0.541207709987241,-0.011425530845797,,,,,,1.28835,-0.545946
1746642222.75384,-0.708756066420673,-0.541207779358328,-0.011424381252258,,,,,,1.28835,-0.545946
1746642223.25383,-0.708756031034719,-0.541207754951874,-0.011424011414717,,,,,,1.28835,-0.545946
1746642223.75645,-0.705291129238073,-0.54124725167095,-0.01142377797525,2.16077065467834,-0.014256679452956,2.16081762313843,0.783305287361145,2.16081762313843,1.28835,-0.545946
1746642224.25302,-0.678089073987694,-0.541564142875951,-0.011869694411424,2.16077065467834,-0.014256679452956,2.16081762313843,0.783305287361145,2.16081762313843,1.28835,-0.545946
1746642224.75581,-0.647490960154459,-0.541935097661078,-0.012372200264233,2.16077065467834,-0.014256679452956,2.16081762313843,0.783305287361145,2.16081762313843,1.28835,-0.545946
1746642225.25363,-0.620292741912502,-0.542277763539465,-0.012818903063904,2.16077065467834,-0.014256679452956,2.16081762313843,0.783305287361145,2.16081762313843,1.28835,-0.545946
1746642225.75348,-0.589694452122895,-0.542677876301691,-0.013321409295574,,,,,,1.28835,-0.545946
1746642226.25671,-0.565896038808718,-0.542999615016574,-0.01371231540905,1.96966314315796,-0.04641342908144,1.97020995616913,0.817780435085297,1.97020995616913,1.28835,-0.545946
1746642226.75332,-0.535295937386041,-0.54344234835577,-0.015362410223426,1.96966314315796,-0.04641342908144,1.97020995616913,0.817780435085297,1.97020995616913,1.28835,-0.545946
1746642227.25268,-0.511496539029361,-0.54382457588875,-0.016758756442434,1.96966314315796,-0.04641342908144,1.97020995616913,0.817780435085297,1.97020995616913,1.28835,-0.545946
1746642227.75382,-0.48089771154107,-0.544364711798278,-0.018554350001798,1.96966314315796,-0.04641342908144,1.97020995616913,0.817780435085297,1.97020995616913,1.28835,-0.545946
1746642228.26244,-0.457099626367037,-0.544822866675425,-0.01995087140028,,,,,,1.28835,-0.545946
1746642228.75346,-0.42650295476153,-0.545460816466599,-0.021746342056981,,,,,,1.28835,-0.545946
1746642229.25517,-0.395907394491707,-0.546153545817749,-0.023541922765763,,,,,,1.28835,-0.545946
1746642229.75514,-0.36871239043588,-0.546815491766747,-0.025137972713996,,,,,,1.28835,-0.545946
1746642230.2553,-0.338119069350365,-0.547614019234971,-0.027171793315968,1.8881471157074,-0.055170789361,1.88895297050476,0.827460527420044,1.88895297050476,1.28835,-0.545946
1746642230.75272,-0.310925988562636,-0.548379891522392,-0.029151150550496,1.8881471157074,-0.055170789361,1.88895297050476,0.827460527420044,1.88895297050476,1.28835,-0.545946
1746642231.25577,-0.276937077316124,-0.549412907740696,-0.031624829934923,1.8881471157074,-0.055170789361,1.88895297050476,0.827460527420044,1.88895297050476,1.28835,-0.545946
1746642231.75496,-0.242950894587841,-0.550529825862505,-0.03409861897156,1.8881471157074,-0.055170789361,1.88895297050476,0.827460527420044,1.88895297050476,1.28835,-0.545946
1746642232.25991,-0.212365717396184,-0.551607013477143,-0.036324963802399,,,,,,1.28835,-0.545946
1746642232.75337,-0.188578934237149,-0.552491990216726,-0.038056515098289,,,,,,1.28835,-0.545946
1746642233.25372,-0.154600403284988,-0.553828473248763,-0.040625855815983,1.74401307106018,-0.054246950894594,1.74485647678375,0.825641691684723,1.74485647678375,1.28835,-0.545946
1746642233.75523,-0.124022787857966,-0.555107615358205,-0.042995598121224,1.74401307106018,-0.054246950894594,1.74485647678375,0.825641691684723,1.74485647678375,1.28835,-0.545946
1746642234.25829,-0.093448099928447,-0.556459131488953,-0.045365473565118,1.74401307106018,-0.054246950894594,1.74485647678375,0.825641691684723,1.74485647678375,1.28835,-0.545946
1746642234.75258,-0.074838659500276,-0.557315618984975,-0.046563089157335,1.55029463768005,-0.036531366407871,1.55072498321533,0.817253768444061,1.55072498321533,1.28835,-0.545946
1746642235.2722,-0.052391747689425,-0.558379082434756,-0.048143468542682,1.55029463768005,-0.036531366407871,1.55072498321533,0.817253768444061,1.55072498321533,1.28835,-0.545946
1746642235.75539,-0.029946181488769,-0.559478258369398,-0.049739515433806,1.55029463768005,-0.036531366407871,1.55072498321533,0.817253768444061,1.55072498321533,1.28835,-0.545946
1746642236.25544,-0.006247667813192,-0.560675528804573,-0.051063132116095,1.47444248199463,-0.0236259046942,1.47463178634644,0.857399165630341,1.47463178634644,1.28835,-0.545946
1746642236.75447,0.015511045363976,-0.56180110504355,-0.052294018358226,1.47444248199463,-0.0236259046942,1.47463178634644,0.857399165630341,1.47463178634644,1.28835,-0.545946
1746642237.2529,0.034851095626478,-0.562823835227578,-0.053379337962586,1.47444248199463,-0.0236259046942,1.47463178634644,0.857399165630341,1.47463178634644,1.28835,-0.545946
1746642237.75768,0.054190048373819,-0.563867467512905,-0.054464715405994,1.47444248199463,-0.0236259046942,1.47463178634644,0.857399165630341,1.47463178634644,1.28835,-0.545946
1746642238.253,0.071110379667661,-0.564798004225245,-0.055414311987115,,,,,,1.28835,-0.545946
1746642238.75294,0.088030067218462,-0.565744798152048,-0.056363790234525,,,,,,1.28835,-0.545946
1746642239.26118,0.107365706164126,-0.56684608203028,-0.057449179841622,,,,,,1.28835,-0.545946
1746642239.75827,0.12911704499807,-0.568110343353758,-0.058670111420347,,,,,,1.28835,-0.545946
1746642240.25455,0.148450026954092,-0.569256371277699,-0.05975542804378,,,,,,1.28835,-0.545946
1746642240.75519,0.165365492775786,-0.570276369578722,-0.060705068118462,,,,,,1.28835,-0.545946
1746642241.2535,0.181236971770497,-0.57124799631461,-0.061379818081291,,,,,,1.28835,-0.545946
1746642241.75361,0.181234639671251,-0.571247802392223,-0.061377083416272,,,,,,1.28835,-0.545946
1746642242.25333,0.181234465482018,-0.571248023799989,-0.061376526391118,,,,,,1.28835,-0.545946
1746642242.75739,0.182495375462202,-0.571325394299264,-0.061309008683739,1.37854778766632,-0.016891835257411,1.37865126132965,0.860264897346497,1.37865126132965,1.28835,-0.545946
1746642243.27317,0.19791820068278,-0.572278386034073,-0.062133348045717,1.37854778766632,-0.016891835257411,1.37865126132965,0.860264897346497,1.37865126132965,1.28835,-0.545946
1746642243.7586,0.21141023887777,-0.573122514483649,-0.062859374321045,1.37854778766632,-0.016891835257411,1.37865126132965,0.860264897346497,1.37865126132965,1.28835,-0.545946
1746642244.25419,0.226829740517641,-0.57409950204116,-0.063689205200206,1.37854778766632,-0.016891835257411,1.37865126132965,0.860264897346497,1.37865126132965,1.28835,-0.545946
1746642244.75374,0.240321390619049,-0.574964800298956,-0.064415371480453,,,,,,1.28835,-0.545946
1746642245.25317,0.251884847571923,-0.575714470783731,-0.065037670465402,,,,,,1.28835,-0.545946
1746642245.75899,0.267302444277549,-0.576725069426907,-0.06586751183284,,,,,,1.28835,-0.545946
1746642246.25418,0.286573098822769,-0.578005930603896,-0.066905028757106,,,,,,1.28835,-0.545946
1746642246.75465,0.300061739938468,-0.57891468598337,-0.067631119495088,,,,,,1.28835,-0.545946
1746642247.2527,0.317403355060405,-0.580097447508625,-0.068564694917724,,,,,,1.28835,-0.545946
1746642247.75276,0.3347436312513,-0.58129630076293,-0.069498320485743,,,,,,1.28835,-0.545946
1746642248.25914,0.335516539031212,-0.581350057212846,-0.069602967194191,,,,,,1.28835,-0.545946
1746642248.75295,0.335517863504022,-0.581350223956044,-0.069603070311312,,,,,,1.28835,-0.545946
1746642249.26152,0.335517509192859,-0.581350148723144,-0.06957913535074,1.02125597000122,0.000962600985076,1.02125644683838,0.845582902431488,1.02125644683838,1.28835,-0.545946
1746642249.76282,0.335517057558798,-0.581350158251235,-0.069522717129562,1.02125597000122,0.000962600985076,1.02125644683838,0.845582902431488,1.02125644683838,1.28835,-0.545946
1746642250.25757,0.335517065455822,-0.581350276147673,-0.069450408187327,1.02125597000122,0.000962600985076,1.02125644683838,0.845582902431488,1.02125644683838,1.28835,-0.545946
1746642250.75263,0.335516967391896,-0.581350155475797,-0.069394304482696,1.02125597000122,0.000962600985076,1.02125644683838,0.845582902431488,1.02125644683838,1.28835,-0.545946
1746642251.25379,0.335516749566397,-0.581350207654643,-0.069322028521169,,,,,,1.28835,-0.545946
1746642251.75272,0.335516705391086,-0.581350276040198,-0.069257777470445,,,,,,1.28835,-0.545946
1746642252.25263,0.335516747049068,-0.581350310641428,-0.069201580897229,,,,,,1.28835,-0.545946
1746642252.75386,0.33551642500538,-0.581350208402669,-0.069121373251325,,,,,,1.28835,-0.545946
1746642253.26993,0.335516475796567,-0.581350073760967,-0.069073305848527,0.921339750289917,0.009552656672895,0.921389281749725,0.882116138935089,0.921389281749725,1.28835,-0.545946
1746642253.75512,0.335515039239404,-0.581350069845031,-0.068363424709938,0.921339750289917,0.009552656672895,0.921389281749725,0.882116138935089,0.921389281749725,1.28835,-0.545946
1746642254.2577,0.335513973706576,-0.581350062362905,-0.067836376251714,0.921339750289917,0.009552656672895,0.921389281749725,0.882116138935089,0.921389281749725,1.28835,-0.545946
1746642254.75512,0.335512304245566,-0.581350088332707,-0.066869952196977,0.921339750289917,0.009552656672895,0.921389281749725,0.882116138935089,0.921389281749725,1.28835,-0.545946
1746642255.26241,0.335510937793069,-0.58135006939729,-0.066167123539405,,,,,,1.28835,-0.545946
1746642255.79967,0.335509533006852,-0.581350081093469,-0.065464274355351,,,,,,1.28835,-0.545946
1746642256.25299,0.335508141041267,-0.581350054505785,-0.064761457059464,,,,,,1.28835,-0.545946
1746642256.75448,0.330163096230918,-0.581006231671675,-0.063970105284165,0.849975824356079,0.008812739513814,0.850021481513977,0.879197478294373,0.850021481513977,1.28835,-0.545946
1746642257.25747,0.32481917574503,-0.580665590869449,-0.063355694420003,0.849975824356079,0.008812739513814,0.850021481513977,0.879197478294373,0.850021481513977,1.28835,-0.545946
1746642257.75748,0.317947186478282,-0.580232374002426,-0.062565021177646,0.849975824356079,0.008812739513814,0.850021481513977,0.879197478294373,0.850021481513977,1.28835,-0.545946
1746642258.26166,0.312602135330171,-0.579899291295946,-0.061949981432609,0.849975824356079,0.008812739513814,0.850021481513977,0.879197478294373,0.850021481513977,1.28835,-0.545946
1746642258.7779,0.305729581535622,-0.579475822037221,-0.061159251520456,,,,,,1.28835,-0.545946
1746642259.26232,0.300384081580216,-0.579150272000974,-0.06054419935869,,,,,,1.28835,-0.545946
1746642259.75554,0.293511065026891,-0.57873641060853,-0.059753507209539,,,,,,1.28835,-0.545946
1746642260.25518,0.286647258149391,-0.578328527551428,-0.058962834037144,0.851863563060761,0.008832312189043,0.851909339427948,0.867010474205017,0.851909339427948,1.28835,-0.545946
1746642260.75269,0.279859950686925,-0.577930618780641,-0.058172138627879,0.851863563060761,0.008832312189043,0.851909339427948,0.867010474205017,0.851909339427948,1.28835,-0.545946
1746642261.25658,0.273826718949455,-0.577581475907708,-0.057469271797067,0.851863563060761,0.008832312189043,0.851909339427948,0.867010474205017,0.851909339427948,1.28835,-0.545946
1746642261.77761,0.267039089899382,-0.577193719281295,-0.056678588245463,0.851863563060761,0.008832312189043,0.851909339427948,0.867010474205017,0.851909339427948,1.28835,-0.545946
1746642262.26817,0.262513499646956,-0.576938185885169,-0.056151459451347,,,,,,1.28835,-0.545946
1746642262.75421,0.256189351258013,-0.576585013344758,-0.055448633726316,0.84236490726471,0.008733828552067,0.842410206794739,0.894835650920868,0.842410206794739,1.28835,-0.545946
1746642263.25343,0.248965369110999,-0.576187025161806,-0.05465791128436,0.84236490726471,0.008733828552067,0.842410206794739,0.894835650920868,0.842410206794739,1.28835,-0.545946
1746642263.75327,0.242543843426204,-0.57583798733028,-0.053955093275262,0.84236490726471,0.008733828552067,0.842410206794739,0.894835650920868,0.842410206794739,1.28835,-0.545946
1746642264.26177,0.236122072258916,-0.57549345532133,-0.053252270923087,0.84236490726471,0.008733828552067,0.842410206794739,0.894835650920868,0.842410206794739,1.28835,-0.545946
1746642264.75503,0.229700158442912,-0.57515351855156,-0.052549397422304,,,,,,1.28835,-0.545946
1746642265.25281,0.223277847580774,-0.574818040407263,-0.051846544830869,,,,,,1.28835,-0.545946
1746642265.75386,0.21685536826135,-0.574487077276403,-0.051143698303106,,,,,,1.28835,-0.545946
1746642266.25525,0.209629838325108,-0.574120039617838,-0.050353052847238,,,,,,1.28835,-0.545946
1746642266.75765,0.203206885763682,-0.573798795116078,-0.049650115581977,,,,,,1.28835,-0.545946
1746642267.25377,0.196783707938226,-0.573481968398934,-0.048947243490254,,,,,,1.28835,-0.545946
1746642267.75347,0.19521613176158,-0.573405331118155,-0.048863226693199,,,,,,1.28835,-0.545946
1746642268.26017,0.195216351968405,-0.57340530717131,-0.048857654488567,0.880281805992126,-0.004148617852479,0.88029158115387,0.884464204311371,0.88029158115387,1.28835,-0.545946
1746642268.76306,0.190987253154165,-0.573197558133041,-0.049223381692347,0.880281805992126,-0.004148617852479,0.88029158115387,0.884464204311371,0.88029158115387,1.28835,-0.545946
1746642269.25279,0.18550028742074,-0.572926139165375,-0.049582938352776,0.880281805992126,-0.004148617852479,0.88029158115387,0.884464204311371,0.88029158115387,1.28835,-0.545946
1746642269.75449,0.181842186567282,-0.572744010876302,-0.04982224044342,0.962374150753021,-0.013606514781714,0.962470352649689,0.83313912153244,0.962470352649689,1.28835,-0.545946
1746642270.25267,0.1806631313513,-0.572685079715374,-0.050708519666679,0.962374150753021,-0.013606514781714,0.962470352649689,0.83313912153244,0.962470352649689,1.28835,-0.545946
1746642270.76199,0.180664550783323,-0.572685016891063,-0.05166459351109,0.962374150753021,-0.013606514781714,0.962470352649689,0.83313912153244,0.962470352649689,1.28835,-0.545946
1746642271.2549,0.180666682418829,-0.572685049579542,-0.052741837131944,0.962374150753021,-0.013606514781714,0.962470352649689,0.83313912153244,0.962470352649689,1.28835,-0.545946
1746642271.76444,0.180668456914548,-0.572685059465093,-0.053699401974963,0.995206773281097,-0.012194622308016,0.995281457901001,0.837308585643768,0.995281457901001,1.28835,-0.545946
1746642272.25275,0.180670230119625,-0.572685045296111,-0.054649158007026,0.995206773281097,-0.012194622308016,0.995281457901001,0.837308585643768,0.995281457901001,1.28835,-0.545946
1746642272.79653,0.180671911953335,-0.572685003200031,-0.055479067696482,0.995206773281097,-0.012194622308016,0.995281457901001,0.837308585643768,0.995281457901001,1.28835,-0.545946
1746642273.25559,0.180673654400275,-0.572684938972296,-0.056412698934964,0.995206773281097,-0.012194622308016,0.995281457901001,0.837308585643768,0.995281457901001,1.28835,-0.545946
1746642273.75499,0.18067553547387,-0.572684932439404,-0.057346303384735,,,,,,1.28835,-0.545946
1746642274.25293,0.180677096890445,-0.572684843321178,-0.058279951746569,,,,,,1.28835,-0.545946
1746642274.75397,0.180679067792744,-0.572684807968278,-0.059213584444829,,,,,,1.28835,-0.545946
1746642275.28673,0.180680214695946,-0.572684804581728,-0.059939706015841,,,,,,1.28835,-0.545946
1746642275.75751,0.180682464252507,-0.572684800755863,-0.06108078498729,0.983027458190918,-0.010192248038948,0.983080267906189,0.845390796661377,0.983080267906189,1.28835,-0.545946
1746642276.2658,0.180683862544695,-0.572684654857034,-0.061886952118996,0.983027458190918,-0.010192248038948,0.983080267906189,0.845390796661377,0.983080267906189,2.288356,-0.545946
1746642276.75295,0.180685247101745,-0.572684804275414,-0.06267679458323,0.983027458190918,-0.010192248038948,0.983080267906189,0.845390796661377,0.983080267906189,2.288356,-0.545946
1746642277.279,0.180686451426478,-0.572684885922271,-0.063207757692999,1.01040387153625,0.004761860705912,1.01041507720947,0.842209577560425,1.01041507720947,2.288356,-0.545946
1746642277.75274,0.180685752343195,-0.572684813016778,-0.062893269333223,1.01040387153625,0.004761860705912,1.01041507720947,0.842209577560425,1.01041507720947,2.288356,-0.545946
1746642278.25617,0.180685205325779,-0.572684835360413,-0.062533645208427,1.01040387153625,0.004761860705912,1.01041507720947,0.842209577560425,1.01041507720947,2.288356,-0.545946
1746642278.75584,0.180684508994245,-0.572684758798158,-0.062214017630214,1.01040387153625,0.004761860705912,1.01041507720947,0.842209577560425,1.01041507720947,2.288356,-0.545946
1746642279.25496,0.180683642715349,-0.572684819177545,-0.061854335566691,,,,,,2.288356,-0.545946
1746642279.76217,0.180683246990626,-0.572684815729349,-0.061614591515815,,,,,,2.288356,-0.545946
1746642280.25365,0.180682603553123,-0.57268481546272,-0.061294920402364,,,,,,2.288356,-0.545946
1746642280.76148,0.180681909634641,-0.572684781483144,-0.060935309386186,,,,,,2.288356,-0.545946
1746642281.2569,0.180681463146456,-0.572684928382297,-0.060655509500834,1.0062552690506,0.004742308985442,1.00626647472382,0.848972856998444,1.00626647472382,2.288356,-0.545946
1746642281.75318,0.180680690814757,-0.572684838664898,-0.060295934033884,1.0062552690506,0.004742308985442,1.00626647472382,0.848972856998444,1.00626647472382,2.288356,-0.545946
1746642282.25314,0.18068029446721,-0.572684892000973,-0.059976232261015,1.0062552690506,0.004742308985442,1.00626647472382,0.848972856998444,1.00626647472382,2.288356,-0.545946
1746642282.75386,0.180679533441464,-0.572684869116857,-0.059696525978581,1.0062552690506,0.004742308985442,1.00626647472382,0.848972856998444,1.00626647472382,2.288356,-0.545946
1746642283.2526,0.180678870669602,-0.572684846776749,-0.059336908394441,,,,,,2.288356,-0.545946
1746642283.75416,0.180678428520189,-0.57268479197474,-0.059057235416859,1.00626599788666,0.000948471948504,1.00626647472382,0.856207191944122,1.00626647472382,2.288356,-0.545946
1746642284.25313,0.180678444326103,-0.572684886279359,-0.059000501354758,1.00626599788666,0.000948471948504,1.00626647472382,0.856207191944122,1.00626647472382,2.288356,-0.545946
1746642284.75578,0.180678080852897,-0.572684742487012,-0.058920392635852,1.00626599788666,0.000948471948504,1.00626647472382,0.856207191944122,1.00626647472382,2.288356,-0.545946
1746642285.29756,0.180677875834425,-0.57268466456773,-0.058856220753469,1.00626599788666,0.000948471948504,1.00626647472382,0.856207191944122,1.00626647472382,2.288356,-0.545946
1746642285.77381,0.180677802918983,-0.572684810775299,-0.058799951004338,0.984736800193787,0.000928179244511,0.9847372174263,0.83973890542984,0.9847372174263,2.288356,-0.545946
1746642286.30413,0.180677802003425,-0.57268494210721,-0.058727635113786,0.984736800193787,0.000928179244511,0.9847372174263,0.83973890542984,0.9847372174263,2.288356,-0.545946
1746642286.75258,0.180677530309045,-0.572684823139762,-0.058671515630956,0.984736800193787,0.000928179244511,0.9847372174263,0.83973890542984,0.9847372174263,2.288356,-0.545946
1746642287.25907,0.180677398598349,-0.572684718681053,-0.058607375554699,0.984736800193787,0.000928179244511,0.9847372174263,0.83973890542984,0.9847372174263,2.288356,-0.545946
1746642287.7565,0.180677304147996,-0.572684886537392,-0.058535033083727,,,,,,2.288356,-0.545946
1746642288.2548,0.180677085527833,-0.572684896832958,-0.058454755483169,,,,,,2.288356,-0.545946
1746642288.75796,0.180676911191248,-0.572684807683258,-0.058390599940755,,,,,,2.288356,-0.545946
1746642289.25653,0.180676904438724,-0.572684838047147,-0.058334401378502,,,,,,2.288356,-0.545946
1746642289.75315,0.180676742213204,-0.572684802185121,-0.058286263937089,,,,,,2.288356,-0.545946
1746642290.25406,0.180676666180687,-0.572684798839668,-0.058214032493154,,,,,,2.288356,-0.545946
1746642290.75522,0.18067649718078,-0.57268488346019,-0.058149760769474,,,,,,2.288356,-0.545946
1746642291.26009,0.18067659311108,-0.572684896013427,-0.05813320773964,,,,,,2.288356,-0.545946
1746642291.75584,0.180676392881723,-0.572684848640109,-0.058132975683836,,,,,,2.288356,-0.545946
1746642292.25527,0.180676514504829,-0.57268486369026,-0.058132626070474,,,,,,2.288356,-0.545946
1746642292.77635,0.180676457958615,-0.572684813765785,-0.058132349386681,,,,,,2.288356,-0.545946
1746642293.25624,0.180676626576878,-0.572684802441483,-0.058131977346633,,,,,,2.288356,-0.545946
1746642293.75239,0.180676495055289,-0.572684838523418,-0.058131560346422,,,,,,2.288356,-0.545946
1746642294.25279,0.180676407887965,-0.572684999998468,-0.058131112634148,,,,,,2.288356,-0.545946
1746642294.75901,0.180676384347179,-0.572684815803567,-0.058130919789277,,,,,,2.288356,-0.545946
1746642295.25809,0.180676351976631,-0.572684836107004,-0.058130606600435,,,,,,2.288356,-0.545946
1746642295.75271,0.180676413310452,-0.572684919123694,-0.058130256897405,,,,,,2.288356,-0.545946
1746642296.25941,0.180676308721684,-0.572684825052757,-0.058129918627419,,,,,,2.288356,-0.545946
1746642296.75422,0.180676331567597,-0.572684827092205,-0.058129575292186,,,,,,2.288356,-0.545946
1746642297.25518,0.180676357450807,-0.572684825992981,-0.058129318885775,,,,,,2.288356,-0.545946
1746642297.75291,0.180676255441992,-0.572684724145122,-0.058129032249369,,,,,,2.288356,-0.545946
1746642298.25379,0.180676322142535,-0.572684806662086,-0.058128678944192,,,,,,2.288356,-0.545946
1746642298.7537,0.180676416013674,-0.572684714350123,-0.058128353487204,,,,,,2.288356,-0.545946
1746642299.26253,0.180676486293352,-0.572684684753818,-0.058128029537823,,,,,,2.288356,-0.545946
1746642299.75297,0.180676246377161,-0.572684833837908,-0.058127621950058,,,,,,2.288356,-0.545946
1746642300.26011,0.180676331737414,-0.572684700862983,-0.058127324363991,,,,,,2.288356,-0.545946
1746642300.76313,0.18067623844542,-0.572684739352294,-0.058126993352594,,,,,,2.288356,-0.545946
1746642301.25579,0.180676397347026,-0.572684893865625,-0.058126510997778,,,,,,2.288356,-0.545946
1746642301.75365,0.180676244004023,-0.572684802283499,-0.058126303876608,,,,,,2.288356,-0.545946
1746642302.2533,0.180676258392614,-0.572684876621027,-0.058125913470641,,,,,,2.288356,-0.545946
1746642302.75295,0.180676256484192,-0.572684715757094,-0.058125712060369,,,,,,2.288356,-0.545946
1746642303.25359,0.180676196551647,-0.572684633243861,-0.058125411766503,,,,,,2.288356,-0.545946
1746642303.75343,0.180676191122223,-0.572684732096324,-0.058125004548374,,,,,,2.288356,-0.545946
1746642304.25746,0.180676173080216,-0.572684706795502,-0.058124717146283,,,,,,2.288356,-0.545946
1746642304.75324,0.180676192777845,-0.572684787293211,-0.05812432678549,,,,,,2.288356,-0.545946
1746642305.25653,0.180676225420316,-0.572684775463925,-0.058123949350661,,,,,,2.288356,-0.545946
1746642305.75756,0.180676114856225,-0.57268484954864,-0.058123548461695,,,,,,2.288356,-0.545946
1746642306.25458,0.180676079613725,-0.572684840618008,-0.058123249149162,,,,,,2.288356,-0.545946
1746642306.7541,0.180676291759236,-0.572684734605197,-0.058122894209037,,,,,,2.288356,-0.545946
1746642307.25872,0.180676180690942,-0.572684782193985,-0.058122514670893,,,,,,2.288356,-0.545946
1746642307.75336,0.180676116017307,-0.572684607654758,-0.058122186839956,,,,,,2.288356,-0.545946
1746642308.25336,0.180676158159227,-0.572684678720381,-0.058121755589999,,,,,,2.288356,-0.545946
1746642308.75287,0.180676092952476,-0.572684683319641,-0.058121409528662,,,,,,2.288356,-0.545946
1746642309.25322,0.180676228561514,-0.572684772781584,-0.058121054851549,,,,,,2.288356,-0.545946
1746642309.75276,0.180676074792801,-0.572684678769561,-0.058120804088406,,,,,,2.288356,-0.545946
1746642310.25969,0.180676094859377,-0.5726847106501,-0.058120530956288,,,,,,2.288356,-0.545946
1746642310.75822,0.18067600387431,-0.572684758666751,-0.05812014713317,,,,,,2.288356,-0.545946
1746642311.25267,0.180676144411893,-0.572684721832327,-0.058119828299512,,,,,,2.288356,-0.545946
1746642311.75757,0.180676042043743,-0.572684719060211,-0.058119523259981,,,,,,2.288356,-0.545946
1746642312.25541,0.180676190377059,-0.572684786688953,-0.058119187482537,,,,,,2.288356,-0.545946
1746642312.76207,0.180676022991705,-0.572684762898503,-0.058118894378805,,,,,,2.288356,-0.545946
1746642313.25416,0.180675902206118,-0.572684760804671,-0.058118544832549,,,,,,2.288356,-0.545946
1746642313.75762,0.180675983554892,-0.572684579187239,-0.058118359708761,,,,,,2.288356,-0.545946
1746642314.25271,0.180676203307495,-0.572684735850614,-0.058117882300561,,,,,,2.288356,-0.545946
1746642314.75339,0.180675978623453,-0.572684745962903,-0.058117560691118,,,,,,2.288356,-0.545946
1746642315.25527,0.18067599644744,-0.572684775830054,-0.058117199570421,,,,,,2.288356,-0.545946
1746642315.75335,0.180676011238031,-0.572684768415953,-0.058116902722186,,,,,,2.288356,-0.545946
1746642316.25641,0.180675956451501,-0.572684646830491,-0.058116631532599,,,,,,2.288356,-0.545946
1746642316.75861,0.180675914156158,-0.572684654720019,-0.058116321518513,,,,,,2.288356,-0.545946
1746642317.25275,0.180675878614757,-0.572684602572678,-0.058116008259214,,,,,,2.288356,-0.545946
1746642317.75967,0.180676027886851,-0.572684775486146,-0.058115512468541,,,,,,2.288356,-0.545946
1746642318.25885,0.180676029136015,-0.572684792335018,-0.0581152011053,,,,,,2.288356,-0.545946
1746642318.75275,0.180675971571905,-0.572684784414489,-0.05811485963584,,,,,,2.288356,-0.545946
1746642319.2524,0.180676015604333,-0.572684815219609,-0.058114453230118,,,,,,2.288356,-0.545946
1746642319.75258,0.180675836629335,-0.572684691852369,-0.058114311646726,,,,,,2.288356,-0.545946
1746642320.25315,0.180675913767927,-0.572684817171845,-0.058113843607093,,,,,,2.288356,-0.545946
1746642320.75406,0.180675836866431,-0.572684767505353,-0.058113485509526,,,,,,2.288356,-0.545946
1746642321.27146,0.180675749095371,-0.572684593052327,-0.058113292493587,,,,,,2.288356,-0.545946
1746642321.75663,0.180675877682326,-0.572684623772135,-0.058113011964987,,,,,,2.288356,-0.545946
1746642322.25342,0.180676024875758,-0.57268463754319,-0.058112624306006,,,,,,2.288356,-0.545946
1746642322.75509,0.180675779933025,-0.572684716698413,-0.058112170989483,,,,,,2.288356,-0.545946
1746642323.26672,0.180675914299558,-0.572684630139194,-0.058111932000264,,,,,,2.288356,-0.545946
1746642323.75361,0.180675791676294,-0.572684860172313,-0.058111350536166,,,,,,2.288356,-0.545946
1746642324.25317,0.180675830001165,-0.572684798443517,-0.058111131995721,,,,,,2.288356,-0.545946
1746642324.75277,0.18067577211615,-0.572684745570188,-0.058110861020094,,,,,,2.288356,-0.545946
1746642325.25815,0.180675839518467,-0.572684704341676,-0.058110501974778,,,,,,2.288356,-0.545946
1746642325.75291,0.20118492013006,-0.573873562086761,-0.057056825248929,2.0012035369873,0.069791845977306,2.00242018699646,0.819931447505951,2.00242018699646,2.288356,-0.545946
1746642326.25326,0.228336599987444,-0.575393123999276,-0.054754144709523,2.00484991073608,0.066139608621597,2.00594067573547,0.834787011146545,2.00594067573547,2.288356,-0.545946
1746642326.82703,0.255493553829355,-0.576851654305912,-0.052519020134617,2.00484991073608,0.066139608621597,2.00594067573547,0.834787011146545,2.00594067573547,2.288356,-0.545946
1746642327.25606,0.279258786781914,-0.578080066321983,-0.050754563233484,1.94376385211945,0.056795883923769,1.94459342956543,0.829451084136963,1.94459342956543,2.288356,-0.545946
1746642327.75432,0.316607912720723,-0.579926701313864,-0.048032523718456,1.94376385211945,0.056795883923769,1.94459342956543,0.829451084136963,1.94459342956543,2.288356,-0.545946
1746642328.25566,0.340378245680022,-0.581049108620396,-0.046300318950205,1.94376385211945,0.056795883923769,1.94459342956543,0.829451084136963,1.94459342956543,2.288356,-0.545946
1746642328.75295,0.374339030725568,-0.582581031718702,-0.043825802839429,1.94376385211945,0.056795883923769,1.94459342956543,0.829451084136963,1.94459342956543,2.288356,-0.545946
1746642329.26123,0.398113768915995,-0.583603425205105,-0.04209356402194,,,,,,2.288356,-0.545946
1746642329.75386,0.432080787279423,-0.584992452809402,-0.039619004764852,,,,,,2.288356,-0.545946
1746642330.25294,0.462653782741317,-0.586170795034238,-0.037391909561273,,,,,,2.288356,-0.545946
1746642330.7583,0.489832209997853,-0.587161055447386,-0.035412229827035,,,,,,2.288356,-0.545946
1746642331.25564,0.513614585867884,-0.587983271224156,-0.033680050403194,,,,,,2.288356,-0.545946
1746642331.75564,0.540796445455959,-0.588872525508048,-0.031700442195725,,,,,,2.288356,-0.545946
1746642332.25939,0.550923563090436,-0.589189699386081,-0.030603777160586,,,,,,2.288356,-0.545946
1746642332.75447,0.550922596622918,-0.589189755181035,-0.030610799639984,,,,,,2.288356,-0.545946
1746642333.25388,0.550921482369515,-0.58918972297209,-0.030610607030645,1.89147901535034,0.051702462136746,1.89218556880951,0.839989721775055,1.89218556880951,2.288356,-0.545946
1746642333.75834,0.571378455977879,-0.589806734139941,-0.029458158170062,1.89147901535034,0.051702462136746,1.89218556880951,0.839989721775055,1.89218556880951,2.288356,-0.545946
1746642334.33263,0.598562368861901,-0.590582931301663,-0.027604090763503,1.89147901535034,0.051702462136746,1.89218556880951,0.839989721775055,1.89218556880951,2.288356,-0.545946
1746642334.75481,0.622351173474812,-0.591220835799355,-0.025983542955083,1.89147901535034,0.051702462136746,1.89218556880951,0.839989721775055,1.89218556880951,2.288356,-0.545946
1746642335.25399,0.649539272247121,-0.591902663849181,-0.024131530307056,,,,,,2.288356,-0.545946
1746642335.75264,0.67672842772322,-0.592534168381843,-0.022279517648836,,,,,,2.288356,-0.545946
1746642336.25848,0.707316708076987,-0.593183677626961,-0.01971731731904,1.88169836997986,0.165004059672356,1.88891899585724,0.857675731182098,1.88891899585724,2.288356,-0.545946
1746642336.75485,0.734501526906849,-0.593639541892149,-0.013766755258725,1.88169836997986,0.165004059672356,1.88891899585724,0.857675731182098,1.88891899585724,2.288356,-0.545946
1746642337.25346,0.761688829264467,-0.593934283566772,-0.007839756594755,1.88169836997986,0.165004059672356,1.88891899585724,0.857675731182098,1.88891899585724,2.288356,-0.545946
1746642337.7569,0.792275961303502,-0.594073210894197,-0.001172124131209,1.88169836997986,0.165004059672356,1.88891899585724,0.857675731182098,1.88891899585724,2.288356,-0.545946
1746642338.25349,0.819464661621575,-0.594025404541114,0.004754700574157,,,,,,2.288356,-0.545946
1746642338.75447,0.850051124309276,-0.593779113664528,0.011422407501807,,,,,,2.288356,-0.545946
1746642339.25799,0.880635251224153,-0.593329057279895,0.0180901155367,,,,,,2.288356,-0.545946
1746642339.76187,0.911215472097522,-0.592674975213956,0.02475784631083,,,,,,2.288356,-0.545946
1746642340.25356,0.938393705590801,-0.591922275216794,0.030684685278553,,,,,,2.288356,-0.545946
1746642340.75566,0.965567309393861,-0.59100858899576,0.036611475727346,,,,,,2.288356,-0.545946
1746642341.25451,0.994977468831109,-0.589838148265307,0.042800352543791,,,,,,2.288356,-0.545946
1746642341.75297,0.996062700762471,-0.589791487590073,0.043011633194701,,,,,,2.288356,-0.545946
1746642342.25402,0.999526299658844,-0.589642569815193,0.04301356627465,1.5810558795929,0.027660289779306,1.58129787445068,0.806500852108002,1.58129787445068,2.288356,-0.545946
1746642342.75868,1.02322102330159,-0.58860894925088,0.044197267211527,1.5810558795929,0.027660289779306,1.58129787445068,0.806500852108002,1.58129787445068,2.288356,-0.545946
1746642343.25279,1.04691126427949,-0.587547594524201,0.045382877038839,1.5810558795929,0.027660289779306,1.58129787445068,0.806500852108002,1.58129787445068,2.288356,-0.545946
1746642343.75454,1.06763939831486,-0.586595530580815,0.04642016252054,1.5810558795929,0.027660289779306,1.58129787445068,0.806500852108002,1.58129787445068,2.288356,-0.545946
1746642344.31548,1.09132797330183,-0.585481381664686,0.047605810850629,,,,,,2.288356,-0.545946
1746642344.75356,1.10710936979639,-0.584721736557641,0.049081719378254,1.33244729042053,0.046636123210192,1.33326315879822,0.858956575393677,1.33326315879822,2.288356,-0.545946
1746642345.25433,1.1206843976671,-0.584038982347964,0.051456619338291,1.33244729042053,0.046636123210192,1.33326315879822,0.858956575393677,1.33326315879822,2.288356,-0.545946
1746642345.75908,1.13765135087972,-0.583140600173589,0.054420432359479,1.33244729042053,0.046636123210192,1.33326315879822,0.858956575393677,1.33326315879822,2.288356,-0.545946
1746642346.25259,1.1529191527415,-0.582288884142987,0.057087718828261,1.33244729042053,0.046636123210192,1.33326315879822,0.858956575393677,1.33326315879822,2.288356,-0.545946
1746642346.75639,1.1630964279382,-0.581698395458795,0.058865845283441,,,,,,2.288356,-0.545946
1746642347.25467,1.18005636368503,-0.580674283635261,0.061829540956059,,,,,,2.288356,-0.545946
1746642347.75598,1.19080692428708,-0.580010635338762,0.05928218503901,1.26648938655853,-0.122956201434135,1.27244389057159,0.858011364936829,1.27244389057159,2.288356,-0.545946
1746642348.25494,1.20052807628403,-0.579460579991641,0.053568950922385,1.26648938655853,-0.122956201434135,1.27244389057159,0.858011364936829,1.27244389057159,2.288356,-0.545946
1746642348.75479,1.21303156125945,-0.578835510594525,0.046191924963459,1.26648938655853,-0.122956201434135,1.27244389057159,0.858011364936829,1.27244389057159,2.288356,-0.545946
1746642349.25739,1.22414936466831,-0.578357194635858,0.039634526683222,1.26648938655853,-0.122956201434135,1.27244389057159,0.858011364936829,1.27244389057159,2.288356,-0.545946
1746642349.76256,1.23666032363442,-0.577906349358105,0.032257512448575,,,,,,2.288356,-0.545946
1746642350.25298,1.2491740344458,-0.577547774666034,0.024880484482878,,,,,,2.288356,-0.545946
1746642350.75495,1.26169016311276,-0.577281483823963,0.017503437018449,,,,,,2.288356,-0.545946
1746642351.25266,1.27420799963627,-0.577107407960689,0.010126342524309,,,,,,2.288356,-0.545946
1746642351.7577,1.28672666358034,-0.577025745265016,0.002749315647337,,,,,,2.288356,-0.545946
1746642352.25267,1.29924572520036,-0.577036471667809,-0.004627682255329,,,,,,2.288356,-0.545946
1746642352.75435,1.30654599912319,-0.57708529641755,-0.009733137457274,,,,,,2.288356,-0.545946
1746642353.28167,1.30654554727258,-0.577085396848801,-0.009704207430078,,,,,,2.288356,-0.545946
1746642353.75387,1.30654515003519,-0.57708534680387,-0.009703853282871,,,,,,2.288356,-0.545946
1746642354.25342,1.30654504107952,-0.577085340705995,-0.009703556762035,,,,,,2.288356,-0.545946
1746642354.75465,1.30861199959359,-0.577104915939956,-0.009110001862325,1.10122311115265,0.0192657019943,1.10139167308807,0.831184804439545,1.10139167308807,2.288356,-0.545946
1746642355.29163,1.31274643646973,-0.577140357745043,-0.00792675037851,1.10122311115265,0.0192657019943,1.10139167308807,0.831184804439545,1.10139167308807,2.288356,-0.545946
1746642355.76206,1.31636414989817,-0.577167264586617,-0.006889351229836,1.10122311115265,0.0192657019943,1.10139167308807,0.831184804439545,1.10139167308807,2.288356,-0.545946
1746642356.25349,1.31998188501456,-0.57719046565811,-0.005851921809015,1.10122311115265,0.0192657019943,1.10139167308807,0.831184804439545,1.10139167308807,2.288356,-0.545946
1746642356.75283,1.32515001144308,-0.577217025275694,-0.004369917069256,,,,,,2.288356,-0.545946
1746642357.25558,1.32824979617511,-0.57722957303559,-0.002597360955762,0.912323355674744,0.031931638717651,0.912881970405579,0.833440661430359,0.912881970405579,2.288356,-0.545946
1746642357.75268,1.32824531605611,-0.577229777151634,-0.000518781587592,0.912323355674744,0.031931638717651,0.912881970405579,0.833440661430359,0.912881970405579,2.288356,-0.545946
1746642358.26002,1.32824145139267,-0.577230076570249,0.001555775318718,0.912323355674744,0.031931638717651,0.912881970405579,0.833440661430359,0.912881970405579,2.288356,-0.545946
1746642358.75351,1.32823701608501,-0.577230412295286,0.003926722931649,0.912323355674744,0.031931638717651,0.912881970405579,0.833440661430359,0.912881970405579,2.288356,-0.545946
1746642359.25553,1.3282332182634,-0.57723074198466,0.006001313775926,,,,,,2.288356,-0.545946
1746642359.75866,1.32822808895412,-0.577231146043865,0.008668628744379,,,,,,2.288356,-0.545946
1746642360.25487,1.32822305391901,-0.577231542357925,0.011335925780198,,,,,,2.288356,-0.545946
1746642360.75542,1.32822536143235,-0.57723137110372,0.010128129761624,0.924705922603607,-0.065369717776775,0.927013635635376,0.903676450252533,0.927013635635376,2.288356,-0.545946
1746642361.25793,1.32823532620256,-0.577230537064017,0.004763075049673,0.924705922603607,-0.065369717776775,0.927013635635376,0.903676450252533,0.927013635635376,2.288356,-0.545946
1746642361.75413,1.32824212652551,-0.577230061033182,0.001176839248628,0.924705922603607,-0.065369717776775,0.927013635635376,0.903676450252533,0.927013635635376,2.288356,-0.545946
1746642362.25787,1.32824892478885,-0.577229566498953,-0.002409431490777,0.924705922603607,-0.065369717776775,0.927013635635376,0.903676450252533,0.927013635635376,2.288356,-0.545946
1746642362.75374,1.32825910315897,-0.577228930130018,-0.007788795600479,,,,,,2.288356,-0.545946
1746642363.2527,1.32826583521571,-0.577228437399171,-0.011375093648908,,,,,,2.288356,-0.545946
1746642363.75375,1.32827586458408,-0.577227887240819,-0.016754460624362,,,,,,2.288356,-0.545946
1746642364.25462,1.32828504390949,-0.577227430106475,-0.021536124116991,,,,,,2.288356,-0.545946
1746642364.75311,1.32829518816693,-0.577226928842423,-0.02691552765299,,,,,,2.288356,-0.545946
1746642365.26175,1.3283029141545,-0.577226631087792,-0.031099466925369,,,,,,2.288356,-0.545946
1746642365.75757,1.32348283310269,-0.577057548384573,-0.03700799096296,0.862209022045136,-0.064202412962914,0.8645960688591,0.878796815872192,0.8645960688591,2.288356,-0.545946
1746642366.30876,1.31728371512601,-0.57680980741451,-0.042667361453211,0.862209022045136,-0.064202412962914,0.8645960688591,0.878796815872192,0.8645960688591,2.288356,-0.545946
1746642366.75534,1.31108580303281,-0.576526836296119,-0.048332616710865,0.862209022045136,-0.064202412962914,0.8645960688591,0.878796815872192,0.8645960688591,2.288356,-0.545946
1746642367.25905,1.30488964458459,-0.576208689996742,-0.053997916151084,0.862209022045136,-0.064202412962914,0.8645960688591,0.878796815872192,0.8645960688591,2.288356,-0.545946
1746642367.75272,1.29938346871859,-0.575896313145514,-0.059033807916424,,,,,,2.288356,-0.545946
1746642368.25384,1.29387916043312,-0.575556255501726,-0.064069670649443,,,,,,2.288356,-0.545946
1746642368.75402,1.28837631368285,-0.575188501127214,-0.069105505377121,,,,,,2.288356,-0.545946
1746642369.26453,1.28425059729241,-0.574894580070542,-0.072882336930411,,,,,,2.288356,-0.545946
1746642369.75342,1.27636586152001,-0.574294423457274,-0.078140001649133,0.854685187339783,-0.039474256336689,0.855596303939819,0.882170617580414,0.855596303939819,2.288356,-0.545946
1746642370.25497,1.26965958034037,-0.573759410383772,-0.080060615480828,0.850549459457397,0.000801698828582,0.850549817085266,0.865101397037506,0.850549817085266,2.288356,-0.545946
1746642370.7529,1.26206174746522,-0.573150126143297,-0.079986686712564,0.850549459457397,0.000801698828582,0.850549817085266,0.865101397037506,0.850549817085266,2.288356,-0.545946
1746642371.25503,1.25598357950251,-0.572663053720936,-0.079922494225616,0.850549459457397,0.000801698828582,0.850549817085266,0.865101397037506,0.850549817085266,2.288356,-0.545946
1746642371.75432,1.2491456982545,-0.572115528946922,-0.079850301348139,0.850549459457397,0.000801698828582,0.850549817085266,0.865101397037506,0.850549817085266,2.288356,-0.545946
1746642372.25635,1.24154782038944,-0.571507922568799,-0.079769972214881,,,,,,2.288356,-0.545946
1746642372.77367,1.23698899810286,-0.571143389018028,-0.079721934581199,,,,,,2.288356,-0.545946
1746642373.25501,1.23091061091367,-0.570658109999265,-0.079657617879327,,,,,,2.288356,-0.545946
1746642373.75549,1.22407245924232,-0.570112478969425,-0.079585372750668,,,,,,2.288356,-0.545946
1746642374.25902,1.21723424115486,-0.569567334141423,-0.079513131085396,,,,,,2.288356,-0.545946
1746642374.7534,1.21039593316951,-0.569022658107271,-0.079440908874889,,,,,,2.288356,-0.545946
1746642375.25521,1.20666689242224,-0.568725932349096,-0.079121786969609,,,,,,2.288356,-0.545946
1746642375.81045,1.20666783927661,-0.568725928849466,-0.079143998737777,,,,,,2.288356,-0.545946
1746642376.25335,1.20666767235542,-0.568725965878236,-0.07914320006393,,,,,,2.288356,-0.545946
1746642376.75264,1.20666768818936,-0.568726061965218,-0.0791428848204,0.897663414478302,0.016076030209661,0.897807359695435,0.885112047195435,0.897807359695435,2.288356,-0.545946
1746642377.25672,1.20257944780166,-0.568405445895246,-0.077673707260281,0.897663414478302,0.016076030209661,0.897807359695435,0.885112047195435,0.897807359695435,2.288356,-0.545946
1746642377.75253,1.19790027705606,-0.56804470349915,-0.076309230127287,0.897663414478302,0.016076030209661,0.897807359695435,0.885112047195435,0.897807359695435,2.288356,-0.545946
1746642378.25278,1.19270052545816,-0.567651226602902,-0.074792190176355,0.897663414478302,0.016076030209661,0.897807359695435,0.885112047195435,0.897807359695435,2.288356,-0.545946
1746642378.75503,1.18854005321146,-0.567342307081386,-0.073578437095162,,,,,,2.288356,-0.545946
1746642379.25285,1.18333931766344,-0.566963112495931,-0.072061355169579,,,,,,2.288356,-0.545946
1746642379.75642,1.17969831680087,-0.566702298315661,-0.070999438266295,,,,,,2.288356,-0.545946
1746642380.26107,1.17605716618461,-0.566445402459746,-0.06993749803312,,,,,,2.288356,-0.545946
1746642380.75752,1.17085490638822,-0.566085201902617,-0.0684203660333,,,,,,2.288356,-0.545946
1746642381.25513,1.16565207444388,-0.565732743630071,-0.066903328240813,,,,,,2.288356,-0.545946
1746642381.75334,1.16148950369611,-0.565456573003825,-0.065689621260397,,,,,,2.288356,-0.545946
1746642382.26165,1.16104042782365,-0.565427020757255,-0.065280411980501,,,,,,2.288356,-0.545946
1746642382.75282,1.16104001950104,-0.565427040965846,-0.065278711752182,,,,,,2.288356,-0.545946
1746642383.2697,1.16104018535061,-0.565427144570841,-0.065278305878975,,,,,,2.288356,-0.545946
1746642383.75273,1.16104006794225,-0.565427052269715,-0.065278008512174,,,,,,2.288356,-0.545946
1746642384.25321,1.16104026523597,-0.565427078210734,-0.065277701433768,,,,,,2.288356,-0.545946
1746642384.75351,1.16104011768922,-0.565427067339707,-0.065277309308941,,,,,,2.288356,-0.545946
1746642385.25368,1.16104015036076,-0.565427033952182,-0.065277160917917,,,,,,2.288356,-0.545946
1746642385.75999,1.1610400418181,-0.565427046373367,-0.065276801144719,,,,,,2.288356,-0.545946
1746642386.25513,1.16104008108265,-0.565427057866274,-0.065276489333869,,,,,,2.288356,-0.545946
1746642386.75306,1.16104006026984,-0.565426987254876,-0.065276268841301,0.897717654705048,0.012692369520664,0.897807359695435,0.864061117172241,0.897807359695435,2.288356,-0.545946
1746642387.27384,1.15798919560874,-0.565229560979949,-0.064298612424995,0.897717654705048,0.012692369520664,0.897807359695435,0.864061117172241,0.897807359695435,2.288356,-0.545946
1746642387.80677,1.1533060942154,-0.564930630745471,-0.063224483312797,0.897717654705048,0.012692369520664,0.897807359695435,0.864061117172241,0.897807359695435,2.288356,-0.545946
1746642388.25399,1.15233501093214,-0.564869240655896,-0.061891667772104,1.01303851604462,0.014322831295431,1.01313972473145,0.881070971488953,1.01313972473145,2.288356,-0.545946
1746642388.75764,1.15233320533796,-0.564869423311864,-0.061171152357364,1.01303851604462,0.014322831295431,1.01313972473145,0.881070971488953,1.01313972473145,2.288356,-0.545946
1746642389.25255,1.15233140543135,-0.564869504390909,-0.060212831426003,1.01303851604462,0.014322831295431,1.01313972473145,0.881070971488953,1.01313972473145,2.288356,-0.545946
1746642389.75384,1.15232969347366,-0.564869549927472,-0.059254541100309,1.01303851604462,0.014322831295431,1.01313972473145,0.881070971488953,1.01313972473145,2.288356,-0.545946
1746642390.26353,1.15232826336764,-0.564869479442199,-0.05853588547276,,,,,,2.288356,-0.545946
1746642390.77075,1.15232721174668,-0.564869390846042,-0.057937021269289,,,,,,2.288356,-0.545946
1746642391.25275,1.15232531616509,-0.564869452164626,-0.05697871341948,,,,,,2.288356,-0.545946
1746642391.75484,1.15232437450082,-0.564869564650332,-0.056420361018711,1.02943193912506,-0.006792151369154,1.0294543504715,0.825295150279999,1.0294543504715,2.288356,-0.545946
1746642392.25288,1.15232530584323,-0.56486947238017,-0.056927714912185,1.02943193912506,-0.006792151369154,1.0294543504715,0.825295150279999,1.0294543504715,2.288356,-0.545946
1746642392.75454,1.15232590517499,-0.564869559024449,-0.057262677417765,1.02943193912506,-0.006792151369154,1.0294543504715,0.825295150279999,1.0294543504715,2.288356,-0.545946
1746642393.26051,1.15232669304832,-0.564869719334877,-0.057692099478684,1.02939903736115,-0.010673039592803,1.0294543504715,0.84266459941864,1.0294543504715,2.288356,-0.545946
1746642393.77689,1.15232789012639,-0.564869718821721,-0.058307345182411,1.02939903736115,-0.010673039592803,1.0294543504715,0.84266459941864,1.0294543504715,2.288356,-0.545946
1746642394.25271,1.15232908653603,-0.564869592593666,-0.058921793907798,1.04343807697296,-0.010818598791957,1.04349410533905,0.82744562625885,1.04349410533905,2.288356,-0.545946
1746642394.75833,1.1523302761346,-0.564869501714983,-0.059623985863938,1.04343807697296,-0.010818598791957,1.04349410533905,0.82744562625885,1.04349410533905,2.288356,-0.545946
1746642395.25294,1.15233172664446,-0.564869505214323,-0.060326124193007,1.0294417142868,-0.010673481971026,1.02949702739716,0.845279335975647,1.02949702739716,2.288356,-0.545946
1746642395.75728,1.15233332624657,-0.564869365168652,-0.061116127875353,1.0294417142868,-0.010673481971026,1.02949702739716,0.845279335975647,1.02949702739716,2.288356,-0.545946
1746642396.25482,1.15233454552313,-0.564869343590982,-0.061906039943357,1.0294417142868,-0.010673481971026,1.02949702739716,0.845279335975647,1.02949702739716,2.288356,-0.545946
1746642396.76812,1.15233616209615,-0.564869417504938,-0.062608144667179,1.0294417142868,-0.010673481971026,1.02949702739716,0.845279335975647,1.02949702739716,2.288356,-0.545946
1746642397.25554,1.15233750824906,-0.564869216876339,-0.063398176564757,,,,,,2.288356,-0.545946
1746642397.75824,1.15233907801698,-0.564869328165429,-0.064275787601082,,,,,,2.288356,-0.545946
1746642398.25266,1.15233979204999,-0.564869292143425,-0.064626878512138,1.04068565368652,-0.006866402924061,1.04070830345154,0.839688122272491,1.04070830345154,2.288356,-0.545946
1746642398.75447,1.15234078595954,-0.564869389313813,-0.065073924520087,1.04068565368652,-0.006866402924061,1.04070830345154,0.839688122272491,1.04070830345154,2.288356,-0.545946
1746642399.25278,1.15234143834008,-0.564869322916987,-0.065576517793556,1.04068565368652,-0.006866402924061,1.04070830345154,0.839688122272491,1.04070830345154,2.288356,-0.545946
1746642399.77786,1.15234237939967,-0.564869396658441,-0.066079012223862,1.04068565368652,-0.006866402924061,1.04070830345154,0.839688122272491,1.04070830345154,2.288356,-0.545946
1746642400.25441,1.15234317294792,-0.564869583297439,-0.066469761121991,1.03809130191803,0.000978469382972,1.03809177875519,0.837670624256134,1.03809177875519,2.288356,-0.545946
1746642400.75265,1.1523433818889,-0.56486938778141,-0.066533965873897,1.03809130191803,0.000978469382972,1.03809177875519,0.837670624256134,1.03809177875519,1.968573,1.057352
1746642401.25421,1.15234331530998,-0.564869356345368,-0.066470051202056,1.03809130191803,0.000978469382972,1.03809177875519,0.837670624256134,1.03809177875519,1.968573,1.057352
1746642401.77189,1.15234304809948,-0.564869344166761,-0.066405838859778,1.01934921741486,0.002882411004975,1.0193532705307,0.840535879135132,1.0193532705307,1.968573,1.057352
1746642402.27562,1.15234276833786,-0.564869316356022,-0.06626203506973,1.01934921741486,0.002882411004975,1.0193532705307,0.840535879135132,1.0193532705307,1.968573,1.057352
1746642402.75954,1.15234245164784,-0.564869435008041,-0.066094077234376,1.01934921741486,0.002882411004975,1.0193532705307,0.840535879135132,1.0193532705307,1.968573,1.057352
1746642403.254,1.15234204896672,-0.564869336229729,-0.065878202369916,1.01934921741486,0.002882411004975,1.0193532705307,0.840535879135132,1.0193532705307,1.968573,1.057352
1746642403.75995,1.15234183037816,-0.564869329520322,-0.065710244623053,,,,,,1.968573,1.057352
1746642404.25806,1.15234137268581,-0.564869317816268,-0.065518304584845,,,,,,1.968573,1.057352
1746642404.75652,1.15234100305363,-0.564869369257865,-0.065326323193669,,,,,,1.968573,1.057352
1746642405.25267,1.15234047811219,-0.564869344357994,-0.065086400833561,1.03682041168213,0.00293181440793,1.03682458400726,0.822267472743988,1.03682458400726,1.968573,1.057352
1746642405.76323,1.1523403846903,-0.564869368244633,-0.064942429830666,1.03682041168213,0.00293181440793,1.03682458400726,0.822267472743988,1.03682458400726,1.968573,1.057352
1746642406.2541,1.15233996511237,-0.564869340238342,-0.064726504533041,1.03682041168213,0.00293181440793,1.03682458400726,0.822267472743988,1.03682458400726,1.968573,1.057352
1746642406.75651,1.15233956101824,-0.564869452256121,-0.064534485887187,1.03682041168213,0.00293181440793,1.03682458400726,0.822267472743988,1.03682458400726,1.968573,1.057352
1746642407.26158,1.15233911137836,-0.564869332905438,-0.064342611732521,,,,,,1.968573,1.057352
1746642407.78313,1.1523388370439,-0.564869386417533,-0.06419861630597,,,,,,1.968573,1.057352
1746642408.25355,1.15233833584669,-0.564869271119058,-0.063958755539717,,,,,,1.968573,1.057352
1746642408.75294,1.15233782252079,-0.56486932964032,-0.063742767795798,,,,,,1.968573,1.057352
1746642409.25681,1.15233762982528,-0.564869320794164,-0.063550831622831,,,,,,1.968573,1.057352
1746642409.75879,1.152337199828,-0.564869291445531,-0.063358905192877,,,,,,1.968573,1.057352
1746642410.25485,1.15233693420063,-0.564869179003949,-0.06316702609519,,,,,,1.968573,1.057352
1746642410.75841,1.15233682719598,-0.564869288826487,-0.063142486698533,,,,,,1.968573,1.057352
1746642411.25346,1.15233700930223,-0.564869344520352,-0.06314204087718,,,,,,1.968573,1.057352
1746642411.75384,1.15233674717184,-0.564869270407328,-0.063141642890393,,,,,,1.968573,1.057352
1746642412.25569,1.1523366357147,-0.564869332405857,-0.063141245547949,,,,,,1.968573,1.057352
1746642412.75268,1.15233672390732,-0.564869393107775,-0.063140855744184,,,,,,1.968573,1.057352
1746642413.25293,1.15233671831586,-0.564869306054649,-0.063140560562063,,,,,,1.968573,1.057352
1746642413.75371,1.15233671303908,-0.564869381714528,-0.06314020324881,,,,,,1.968573,1.057352
1746642414.25268,1.15233657987373,-0.564869314654313,-0.063139800378888,,,,,,1.968573,1.057352
1746642414.75274,1.15233678908418,-0.564869346693238,-0.063139438751455,,,,,,1.968573,1.057352
1746642415.25893,1.15233682562116,-0.564869391588479,-0.063139059049532,,,,,,1.968573,1.057352
1746642415.7531,1.15233675522106,-0.564869381916982,-0.063138708722477,,,,,,1.968573,1.057352
1746642416.2594,1.15233676837809,-0.564869270733708,-0.063138383528235,,,,,,1.968573,1.057352
1746642416.75297,1.15233680664463,-0.564869364694288,-0.063137928828178,,,,,,1.968573,1.057352
1746642417.25863,1.15233679006992,-0.564869423769269,-0.06313749686179,,,,,,1.968573,1.057352
1746642417.78012,1.15233672705793,-0.564869246666791,-0.063137298911378,,,,,,1.968573,1.057352
1746642418.25291,1.15233675544212,-0.564869181413119,-0.06313694032271,,,,,,1.968573,1.057352
1746642418.75262,1.15233678032247,-0.564869072372246,-0.063136665913113,,,,,,1.968573,1.057352
1746642419.25971,1.15233665999909,-0.564869188052456,-0.063136274445874,,,,,,1.968573,1.057352
1746642419.75628,1.15233665732492,-0.564869265950671,-0.063135829238215,,,,,,1.968573,1.057352
1746642420.25382,1.15233667487962,-0.564869250755301,-0.06313544392548,,,,,,1.968573,1.057352
1746642420.75266,1.15233663516917,-0.564869257830171,-0.063135172393582,,,,,,1.968573,1.057352
1746642421.2534,1.15233684795859,-0.564869251028016,-0.063134834467056,,,,,,1.968573,1.057352
1746642421.75271,1.15233670431607,-0.56486928287975,-0.063134502773748,,,,,,1.968573,1.057352
1746642422.25515,1.15233665401093,-0.564869232963087,-0.063134089081065,,,,,,1.968573,1.057352
1746642422.75477,1.15233654524427,-0.564869259265473,-0.063133717674698,,,,,,1.968573,1.057352
1746642423.25388,1.1523365158592,-0.564869212612297,-0.063133395535269,,,,,,1.968573,1.057352
1746642423.81813,1.15233669025823,-0.564869120502781,-0.063133191536438,,,,,,1.968573,1.057352
1746642424.25882,1.1523366285342,-0.564869352031796,-0.063132738341353,,,,,,1.968573,1.057352
1746642424.75263,1.15233657280977,-0.564869255100083,-0.063132443201673,,,,,,1.968573,1.057352
1746642425.25593,1.15233661578144,-0.564869244218152,-0.063132100753613,,,,,,1.968573,1.057352
1746642425.79992,1.15233649468371,-0.564869346211911,-0.063131683236373,,,,,,1.968573,1.057352
1746642426.2539,1.1523365775195,-0.564869316918379,-0.063131391756492,,,,,,1.968573,1.057352
1746642426.75329,1.15233658577741,-0.564869244922104,-0.063131134036129,,,,,,1.968573,1.057352
1746642427.26169,1.15233647673836,-0.564869265043896,-0.063130760767552,,,,,,1.968573,1.057352
1746642427.75432,1.15233668613058,-0.564869444732267,-0.063130351454398,,,,,,1.968573,1.057352
1746642428.25282,1.15233670367978,-0.564869399595844,-0.063129979262752,,,,,,1.968573,1.057352
1746642428.77859,1.15233664373528,-0.564869369096936,-0.063129646328406,,,,,,1.968573,1.057352
1746642429.26145,1.15233649731661,-0.564869170171973,-0.063129455635761,,,,,,1.968573,1.057352
1746642429.78152,1.15233671130378,-0.564869274544336,-0.063129138686846,,,,,,1.968573,1.057352
1746642430.2568,1.15233658653816,-0.564869183582805,-0.063128838487899,,,,,,1.968573,1.057352
1746642430.75288,1.15233651678218,-0.564869207873175,-0.063128558172348,,,,,,1.968573,1.057352
1746642431.25517,1.15233643532493,-0.56486927894365,-0.06312815220404,,,,,,1.968573,1.057352
1746642431.7527,1.1523366663371,-0.564869231886695,-0.063127840089002,1.31339275836945,0.018569385632873,1.31352400779724,0.851628065109253,1.31352400779724,1.968573,1.057352
1746642432.25291,1.16632641077287,-0.565742547420151,-0.061795898186747,1.31339275836945,0.018569385632873,1.31352400779724,0.851628065109253,1.31352400779724,1.968573,1.057352
1746642432.75353,1.17909185610119,-0.56652668867441,-0.060837108515328,1.31339275836945,0.018569385632873,1.31352400779724,0.851628065109253,1.31352400779724,1.968573,1.057352
1746642433.25611,1.19183911930329,-0.56729709279902,-0.059878939246344,1.31212389469147,0.01855144649744,1.31225502490997,0.846387028694153,1.31225502490997,1.968573,1.057352
1746642433.7547,1.20570265463573,-0.568121352642186,-0.058848019031117,1.28323447704315,0.015723928809166,1.28333079814911,0.859312415122986,1.28333079814911,1.968573,1.057352
1746642434.29881,1.21724117883433,-0.568796497149279,-0.058017904865309,1.28323447704315,0.015723928809166,1.28333079814911,0.859312415122986,1.28333079814911,1.968573,1.057352
1746642434.75787,1.22878048068933,-0.569462100901741,-0.057187326887392,1.28323447704315,0.015723928809166,1.28333079814911,0.859312415122986,1.28333079814911,1.968573,1.057352
1746642435.26486,1.23887745026051,-0.570036568635959,-0.056460596446871,1.28323447704315,0.015723928809166,1.28333079814911,0.859312415122986,1.28333079814911,1.968573,1.057352
1746642435.75335,1.24897501379637,-0.570603794008317,-0.055733813415492,1.23459899425507,0.194336369633675,1.24980056285858,0.889995992183685,1.24980056285858,1.968573,1.057352
1746642436.27681,1.26073028756884,-0.571206150469763,-0.045050644507468,1.23459899425507,0.194336369633675,1.24980056285858,0.889995992183685,1.24980056285858,1.968573,1.057352
1746642436.76295,1.27343564300825,-0.571696795324096,-0.031827824940491,1.23459899425507,0.194336369633675,1.24980056285858,0.889995992183685,1.24980056285858,1.968573,1.057352
1746642437.2533,1.28360397571542,-0.571968487947598,-0.021248511844752,1.23459899425507,0.194336369633675,1.24980056285858,0.879328370094299,1.24980056285858,1.968573,1.057352
1746642437.7557,1.29377467539124,-0.572132448125995,-0.010669303437368,1.23459899425507,0.194336369633675,1.24980056285858,0.879328370094299,1.24980056285858,1.968573,1.057352
1746642438.26734,1.3053065026524,-0.57218834417804,0.001100227927914,1.2548234462738,0.176230296492577,1.26713812351227,0.834993720054626,1.26713812351227,1.968573,1.057352
1746642438.77054,1.31346752993412,-0.572151526044685,0.008184904111582,1.2548234462738,0.176230296492577,1.26713812351227,0.834993720054626,1.26713812351227,1.968573,1.057352
1746642439.29446,1.32378805333618,-0.57202122496971,0.017485496166946,1.1827038526535,0.123740158975124,1.18915939331055,0.89138662815094,1.18915939331055,1.968573,1.057352
1746642439.82953,1.33245344014845,-0.57183627864035,0.025433520222906,1.1827038526535,0.123740158975124,1.18915939331055,0.89138662815094,1.18915939331055,1.968573,1.057352
1746642440.25392,1.34236549344143,-0.571489145581621,0.046386004281992,1.18000268936157,0.412637382745743,1.25007033348084,0.880068123340607,1.25007033348084,1.968573,1.057352
1746642440.75331,1.35504173292478,-0.570723265923767,0.074883816659475,1.18000268936157,0.412637382745743,1.25007033348084,0.880068123340607,1.25007033348084,1.968573,1.057352
1746642441.25373,1.36389983199859,-0.569972848283854,0.094828679300938,1.18000268936157,0.412637382745743,1.25007033348084,0.880068123340607,1.25007033348084,1.968573,1.057352
1746642441.75566,1.37400261601224,-0.568899061693974,0.117622581658571,1.18000268936157,0.412637382745743,1.25007033348084,0.880068123340607,1.25007033348084,1.968573,1.057352
1746642442.25564,1.38447470715995,-0.567537236770916,0.142288055339955,1.15069448947907,0.365511983633041,1.20735120773315,0.889231860637665,1.20735120773315,1.968573,1.057352
1746642442.75294,1.39175882886823,-0.566428637114184,0.160527148697136,1.20446646213532,0.321286767721176,1.24658119678497,0.890420615673065,1.24658119678497,1.968573,1.057352
1746642443.25373,1.40267737095183,-0.56454602953738,0.180800376205024,1.20446646213532,0.321286767721176,1.24658119678497,0.890420615673065,1.24658119678497,1.968573,1.057352
1746642443.75275,1.41498162676047,-0.5621595726672,0.20288023448689,1.20446646213532,0.321286767721176,1.24658119678497,0.890420615673065,1.24658119678497,1.968573,1.057352
1746642444.25756,1.4235620022744,-0.56032761591177,0.218335912535859,1.20446646213532,0.321286767721176,1.24658119678497,0.890420615673065,1.24658119678497,1.968573,1.057352
1746642444.75742,1.43582078062173,-0.55745958913345,0.242530460992753,1.24484097957611,0.569072127342224,1.36874842643738,0.8289555311203,1.36874842643738,1.968573,1.057352
1746642445.25567,1.460729525171,-0.550760808719142,0.279044527683028,1.46069157123566,0.645718216896057,1.59705102443695,0.849371612071991,1.59705102443695,1.968573,1.057352
1746642445.75912,1.48399920123386,-0.543741739114031,0.307236606880427,1.46069157123566,0.645718216896057,1.59705102443695,0.849371612071991,1.59705102443695,1.968573,1.057352
1746642446.25257,1.51279359339978,-0.534049226627322,0.342491010031355,1.46069157123566,0.645718216896057,1.59705102443695,0.849371612071991,1.59705102443695,1.968573,1.057352
1746642446.75331,1.52882616959079,-0.528144059145659,0.367188167483245,1.20585799217224,0.467142820358276,1.29318058490753,0.862501263618469,1.29318058490753,1.968573,1.057352
1746642447.30154,1.53851410366182,-0.524298313209446,0.389175632527885,1.20585799217224,0.467142820358276,1.29318058490753,0.862501263618469,1.29318058490753,1.968573,1.057352
1746642447.75574,1.55687087115499,-0.516485480523515,0.412888171849386,1.47442317008972,0.518373370170593,1.56289303302765,0.907195866107941,1.56289303302765,1.968573,1.057352
1746642448.25324,1.577761368614,-0.507051059406893,0.435793993141784,1.47442317008972,0.518373370170593,1.56289303302765,0.907195866107941,1.56289303302765,1.968573,1.057352
1746642448.76217,1.59306835760771,-0.499764040516439,0.455481212018051,1.18311095237732,0.311129629611969,1.22333693504334,0.850601732730866,1.22333693504334,1.968573,1.057352
1746642449.25583,1.60133574928623,-0.495638164605426,0.468142015237631,1.44063448905945,0.310957431793213,1.47381210327148,0.902285695075989,1.47381210327148,1.968573,1.057352
1746642449.75327,1.6185027994733,-0.486805168564903,0.482526865926297,1.44063448905945,0.310957431793213,1.47381210327148,0.902285695075989,1.47381210327148,1.968573,1.057352
1746642450.25369,1.63553936764676,-0.477726564414608,0.496931419140683,1.1476035118103,0.219583451747894,1.16842234134674,0.874057710170746,1.16842234134674,1.968573,1.057352
1746642450.75273,1.6431486903028,-0.473544742921558,0.51051652128141,1.1476035118103,0.219583451747894,1.16842234134674,0.874057710170746,1.16842234134674,1.968573,1.057352
1746642451.25269,1.6491029894225,-0.470161954292967,0.523330590390983,1.1476035118103,0.219583451747894,1.16842234134674,0.874057710170746,1.16842234134674,1.968573,1.057352
1746642451.76342,1.65501284824248,-0.466703553931251,0.536141310927373,1.1476035118103,0.219583451747894,1.16842234134674,0.874057710170746,1.16842234134674,1.968573,1.057352
1746642452.2539,1.66160787942028,-0.462722732931822,0.550553283309418,,,,,,1.968573,1.057352
1746642452.76893,1.66742158500384,-0.459104674796375,0.563363771988097,,,,,,1.968573,1.057352
1746642453.25279,1.67492137302138,-0.454285943997883,0.578782691462419,1.28453946113586,0.500045120716095,1.37843632698059,0.876079797744751,1.37843632698059,1.968573,1.057352
1746642453.75312,1.68928520666467,-0.444613152716433,0.607060141177788,1.28453946113586,0.500045120716095,1.37843632698059,0.876079797744751,1.37843632698059,1.968573,1.057352
1746642454.25466,1.70120752081222,-0.436113462080658,0.632593713605017,1.27987706661224,0.62587571144104,1.42471253871918,0.885113835334778,1.42471253871918,1.968573,1.057352
1746642454.78292,1.7132750939541,-0.42701904236583,0.659565452600339,1.27987706661224,0.62587571144104,1.42471253871918,0.885113835334778,1.42471253871918,1.968573,1.057352
1746642455.25253,1.7267605552863,-0.416231165203938,0.69038341543771,1.26457870006561,0.354008734226227,1.31319510936737,0.889869153499603,1.31319510936737,1.968573,1.057352
1746642455.7554,1.7367109097266,-0.407855055528664,0.70927131591314,1.26457870006561,0.354008734226227,1.31319510936737,0.889869153499603,1.31319510936737,1.968573,1.057352
1746642456.25355,1.7451151420905,-0.400526578980515,0.72544353493928,1.26457870006561,0.354008734226227,1.31319510936737,0.889869153499603,1.31319510936737,1.968573,1.057352
1746642456.75594,1.75339927510717,-0.393063145800736,0.741626652968805,1.26519072055817,0.486873120069504,1.35563743114471,0.899036049842835,1.35563743114471,1.968573,1.057352
1746642457.25432,1.76509454300746,-0.3820632230888,0.768820142111634,1.26519072055817,0.486873120069504,1.35563743114471,0.899036049842835,1.35563743114471,1.968573,1.057352
1746642457.77048,1.77171994303048,-0.375557021560568,0.782064948376515,1.42453801631928,0.245717898011208,1.44557452201843,0.908797562122345,1.44557452201843,1.968573,1.057352
1746642458.25487,1.78612182532961,-0.361070164071474,0.794960684514664,1.42453801631928,0.245717898011208,1.44557452201843,0.908797562122345,1.44557452201843,1.968573,1.057352
1746642458.78233,1.79876358511866,-0.348036548655588,0.806535072411016,1.42453801631928,0.245717898011208,1.44557452201843,0.908797562122345,1.44557452201843,1.968573,1.057352
1746642459.25601,1.81280456545694,-0.333200091729566,0.819555748958893,1.12063479423523,0.453906029462814,1.20907115936279,0.903614819049835,1.20907115936279,1.968573,1.057352
1746642459.75467,1.81932025609618,-0.326105704285066,0.841929875579156,1.12063479423523,0.453906029462814,1.20907115936279,0.903614819049835,1.20907115936279,1.968573,1.057352
1746642460.27191,1.82420213716709,-0.320515999359103,0.864738964578341,1.12063479423523,0.453906029462814,1.20907115936279,0.903614819049835,1.20907115936279,1.968573,1.057352
1746642460.76552,1.82962277907026,-0.313994252367471,0.890816129067547,1.12063479423523,0.453906029462814,1.20907115936279,0.91952109336853,1.20907115936279,1.968573,1.057352
1746642461.25509,1.83487177904784,-0.307333177291146,0.916893223365492,1.12063479423523,0.453906029462814,1.20907115936279,0.91952109336853,1.20907115936279,1.968573,1.057352
1746642461.75293,1.83993153161372,-0.300547902755963,0.94549199705995,1.08894813060761,0.419051140546799,1.16679561138153,0.911716520786285,1.16679561138153,1.968573,1.057352
1746642462.25971,1.84190637168348,-0.297776404541542,0.960170495403734,1.05210435390472,0.363157480955124,1.11301708221436,0.843209207057953,1.11301708221436,1.968573,1.057352
1746642462.82529,1.84448605454477,-0.294006338243504,0.982683094714125,1.05210435390472,0.363157480955124,1.11301708221436,0.843209207057953,1.11301708221436,1.968573,1.057352
1746642463.25641,1.84502140005134,-0.293205628222237,1.00501237978902,0.888099730014801,0.327303141355514,0.946492731571198,0.755882501602173,0.946492731571198,1.968573,1.057352
1746642463.7526,1.8450006680166,-0.293245675707268,1.0289284851371,0.888099730014801,0.327303141355514,0.946492731571198,0.755882501602173,0.946492731571198,1.968573,1.057352
1746642464.26125,1.84498328533109,-0.293281350095611,1.04986306716813,0.888099730014801,0.327303141355514,0.946492731571198,0.755882501602173,0.946492731571198,1.968573,1.057352
1746642464.75262,1.84496643357931,-0.293317267553307,1.07079756415771,0.888099730014801,0.327303141355514,0.946492731571198,0.755882501602173,0.946492731571198,1.968573,1.057352
1746642465.25915,1.84653275027087,-0.290282834468929,1.09771890351582,3.2017605304718,1.28863048553467,3.4513533115387,0.441557079553604,3.4513533115387,1.968573,1.057352
1746642465.77871,1.85749023147406,-0.267676064891061,1.14263936728571,3.2017605304718,1.28863048553467,3.4513533115387,0.441557079553604,3.4513533115387,1.968573,1.057352
1746642466.25412,1.86609039079902,-0.247760568120106,1.18478262024733,3.25679612159729,1.24324655532837,3.48602676391602,0.50448352098465,3.48602676391602,1.968573,1.057352
1746642466.75425,1.87357802107173,-0.22802621340603,1.232209151894,3.25679612159729,1.24324655532837,3.48602676391602,0.50448352098465,3.48602676391602,1.968573,1.057352
1746642467.25485,1.88071958613366,-0.205692660914838,1.29305431214903,3.25679612159729,1.24324655532837,3.48602676391602,0.50448352098465,3.48602676391602,1.968573,1.057352
1746642467.75281,1.88565942630812,-0.186307052263593,1.35131760126021,3.25679612159729,1.24324655532837,3.48602676391602,0.50448352098465,3.48602676391602,1.968573,1.057352
1746642468.26703,1.88971056060226,-0.164812629745385,1.41907943898913,,,,,,1.968573,1.057352
1746642468.75463,1.89238710532369,-0.141509755746711,1.49530602692569,,,,,,1.968573,1.057352
1746642469.25504,1.89325801641855,-0.118656078431874,1.57153239933201,,,,,,1.968573,1.057352
1746642469.75381,1.89241830024236,-0.096649317766379,1.64775882059334,3.22784328460693,1.01313734054565,3.38310790061951,0.689655900001526,3.38310790061951,1.968573,1.057352
1746642470.26418,1.89064510942154,-0.076954041456912,1.66834529291978,3.22784328460693,1.01313734054565,3.38310790061951,0.689655900001526,3.38310790061951,1.968573,1.057352
1746642470.75423,1.88812199069663,-0.053323100583031,1.68630149322836,3.22784328460693,1.01313734054565,3.38310790061951,0.689655900001526,3.38310790061951,1.968573,1.057352
1746642471.25818,1.88562687835492,-0.033176017538362,1.70436040500338,0.927218437194824,0.163873612880707,0.941588342189789,0.45997416973114,0.941588342189789,1.968573,1.057352
1746642471.75659,1.8856253767466,-0.033153633365783,1.7150642939795,0.927218437194824,0.163873612880707,0.941588342189789,0.45997416973114,0.941588342189789,1.968573,1.057352
1746642472.25357,1.8856300652844,-0.033174190121808,1.72691681293543,0.846385002136231,0.02962377294898,0.846903264522553,0.536003947257996,0.846903264522553,1.968573,1.057352
1746642472.7974,1.8867284383365,-0.040074009540664,1.72991839344028,0.846385002136231,0.02962377294898,0.846903264522553,0.536003947257996,0.846903264522553,1.968573,1.057352
1746642473.25871,1.88709379048681,-0.042343596361274,1.73112472811857,0.845913350582123,-0.061995673924685,0.848182082176209,0.351492881774902,0.848182082176209,1.968573,1.057352
1746642473.76232,1.88709387561871,-0.04234367137374,1.73113048353521,0.845913350582123,-0.061995673924685,0.848182082176209,0.351492881774902,0.848182082176209,1.968573,1.057352
1746642474.25271,1.8865250227572,-0.038833747935193,1.73177677110339,3.0707471370697,-0.894363820552826,3.19833946228027,0.546014189720154,3.19833946228027,1.968573,1.057352
1746642474.75281,1.88241140027769,-0.012049624228546,1.71356167939426,3.0707471370697,-0.894363820552826,3.19833946228027,0.546014189720154,3.19833946228027,1.968573,1.057352
1746642475.25295,1.87798214778761,0.021532425925142,1.69120031343765,3.0707471370697,-0.894363820552826,3.19833946228027,0.546014189720154,3.19833946228027,1.968573,1.057352
1746642475.77635,1.87496482350003,0.047827751413735,1.67948742665707,3.0707471370697,-0.894363820552826,3.19833946228027,0.546014189720154,3.19833946228027,1.968573,1.057352
1746642476.25432,1.87224193453722,0.073351613600815,1.67556306742055,,,,,,1.968573,1.057352
1746642476.75278,1.86928045949836,0.101392947883681,1.67777622392865,,,,,,1.968573,1.057352
1746642477.29889,1.86692720713083,0.122746498359739,1.68382725030812,,,,,,1.968573,1.057352
1746642477.76193,1.86482709186035,0.140477958249377,1.69441526252661,3.05998682975769,-0.891229808330536,3.18713188171387,0.504171311855316,3.18713188171387,1.968573,1.057352
1746642478.25475,1.86174771833616,0.163461206728641,1.71484623687062,3.06987857818604,-0.853600978851318,3.18634414672852,0.640964269638062,3.18634414672852,1.968573,1.057352
1746642478.75889,1.85722259548591,0.191386125836828,1.74793452755057,3.06987857818604,-0.853600978851318,3.18634414672852,0.640964269638062,3.18634414672852,1.968573,1.057352
1746642479.25275,1.85354182852371,0.210813061704914,1.76826422376539,2.78130793571472,-1.41826701164246,3.12204337120056,0.33307221531868,3.12204337120056,1.968573,1.057352
1746642479.75457,1.85238125135097,0.216556683593164,1.7684555068748,2.78130793571472,-1.41826701164246,3.12204337120056,0.33307221531868,3.12204337120056,1.968573,1.057352
1746642480.25693,1.85238085811437,0.216558401493751,1.7684569805987,2.78130793571472,-1.41826701164246,3.12204337120056,0.33307221531868,3.12204337120056,1.968573,1.057352
1746642480.75452,1.85238089248962,0.216558084127532,1.76845731937641,2.78130793571472,-1.41826701164246,3.12204337120056,0.33307221531868,3.12204337120056,1.968573,1.057352
1746642481.25388,1.85238089711227,0.216557788558662,1.76845751665217,,,,,,1.968573,1.057352
1746642481.75428,1.8523809300586,0.216557854710315,1.76845785421823,,,,,,1.968573,1.057352
1746642482.25549,1.85238096143097,0.216557812966593,1.76845817848734,,,,,,1.968573,1.057352
1746642482.75556,1.85238092265252,0.216557710137197,1.76845844558315,0.773692905902862,-0.164082705974579,0.790900647640228,0.331554383039474,0.790900647640228,1.968573,1.057352
1746642483.25269,1.85238085777267,0.216557753975422,1.76845876274421,0.773692905902862,-0.164082705974579,0.790900647640228,0.331554383039474,0.790900647640228,1.968573,1.057352
1746642483.75287,1.85238090489315,0.21655788969517,1.76845911948923,0.773692905902862,-0.164082705974579,0.790900647640228,0.331554383039474,0.790900647640228,1.968573,1.057352
1746642484.2656,1.85238089402075,0.216557822507933,1.76845941017922,,,,,,1.968573,1.057352
1746642484.75261,1.85238092393635,0.216557769689457,1.76845973174126,0.733017802238464,-0.401423096656799,0.835736572742462,0.257552534341812,0.835736572742462,1.968573,1.057352
1746642485.25351,1.85238099294071,0.216557812578465,1.76846009007266,0.733017802238464,-0.401423096656799,0.835736572742462,0.257552534341812,0.835736572742462,1.968573,1.057352
1746642485.75269,1.85238094058193,0.216557777013801,1.76846035887509,0.733017802238464,-0.401423096656799,0.835736572742462,0.257552534341812,0.835736572742462,1.968573,1.057352
1746642486.25578,1.8523808772479,0.2165577312355,1.76846062395867,0.733017802238464,-0.401423096656799,0.835736572742462,0.257552534341812,0.835736572742462,1.968573,1.057352
1746642486.7561,1.85238100646126,0.216557741854994,1.76846105475129,0.70623654127121,-0.386756837368011,0.805202424526215,0.258368194103241,0.805202424526215,1.968573,1.057352
1746642487.25343,1.85238101930675,0.216557880346394,1.76846135367396,0.70623654127121,-0.386756837368011,0.805202424526215,0.258368194103241,0.805202424526215,1.968573,1.057352
1746642487.76267,1.85238100783872,0.216557753780678,1.76846164188341,0.70623654127121,-0.386756837368011,0.805202424526215,0.258368194103241,0.805202424526215,1.968573,1.057352
1746642488.25876,1.85238097416676,0.216557715300204,1.76846192750336,0.70623654127121,-0.386756837368011,0.805202424526215,0.258368194103241,0.805202424526215,1.968573,1.057352
1746642488.75576,1.85238104411246,0.216557607702443,1.76846223175172,,,,,,1.968573,1.057352
1746642489.25714,1.85238100562807,0.216557553773706,1.76846254552113,0.772593140602112,-0.162393033504486,0.789475560188293,0.410418778657913,0.789475560188293,1.968573,1.057352
1746642489.75686,1.85359476800162,0.210337297997601,1.75855184858417,0.772593140602112,-0.162393033504486,0.789475560188293,0.410418778657913,0.789475560188293,1.968573,1.057352
1746642490.25431,1.85456937158681,0.20507562043859,1.74975402990435,0.785945415496826,-0.166681185364723,0.803425669670105,0.392293244600296,0.803425669670105,1.968573,1.057352
1746642490.76064,1.85456938524353,0.205075080325067,1.74975805986295,0.785945415496826,-0.166681185364723,0.803425669670105,0.392293244600296,0.803425669670105,1.968573,1.057352
1746642491.25456,1.8545694186352,0.205075019834117,1.74975838846403,0.785945415496826,-0.166681185364723,0.803425669670105,0.392293244600296,0.803425669670105,1.968573,1.057352
1746642491.75329,1.85456939750294,0.205075186089106,1.74975871763382,0.781817853450775,-0.140750721096993,0.794386506080627,0.353665709495544,0.794386506080627,1.968573,1.057352
1746642492.25255,1.85456927211301,0.205075000851615,1.74975898968274,0.781817853450775,-0.140750721096993,0.794386506080627,0.353665709495544,0.794386506080627,1.968573,1.057352
1746642492.75358,1.85456946426966,0.205075115792915,1.74975940583565,0.781817853450775,-0.140750721096993,0.794386506080627,0.353665709495544,0.794386506080627,1.968573,1.057352
1746642493.25329,1.85456938103918,0.205075059136258,1.74975959153926,0.781817853450775,-0.140750721096993,0.794386506080627,0.293085813522339,0.794386506080627,1.968573,1.057352
1746642493.78943,1.8545694312362,0.205075234131788,1.7497599243105,0.781817853450775,-0.140750721096993,0.794386506080627,0.293085813522339,0.794386506080627,1.968573,1.057352
1746642494.25352,1.85456950941201,0.205075059614187,1.74976036342443,0.781817853450775,-0.140750721096993,0.794386506080627,0.293085813522339,0.794386506080627,1.968573,1.057352
1746642494.75373,1.85456946813243,0.205075159927531,1.74976067337592,0.775632381439209,-0.139637157320976,0.788101613521576,0.3681520819664,0.788101613521576,1.968573,1.057352
1746642495.26021,1.85456938857716,0.20507509447514,1.74976098041545,0.775632381439209,-0.139637157320976,0.788101613521576,0.3681520819664,0.788101613521576,1.968573,1.057352
1746642495.77491,1.85456938117358,0.20507509758282,1.74976130269883,0.775632381439209,-0.139637157320976,0.788101613521576,0.3681520819664,0.788101613521576,1.968573,1.057352
1746642496.25293,1.854569266962,0.205074966694534,1.74976158787781,0.791461646556854,-0.142486900091171,0.804185330867767,0.389692157506943,0.804185330867767,1.968573,1.057352
1746642496.75913,1.8545694490225,0.205075286608561,1.74976197968698,0.791461646556854,-0.142486900091171,0.804185330867767,0.389692157506943,0.804185330867767,1.968573,1.057352
1746642497.30611,1.85456923074373,0.205075086745022,1.74976223095881,0.791461646556854,-0.142486900091171,0.804185330867767,0.389692157506943,0.804185330867767,1.968573,1.057352
1746642497.7536,1.85456934851114,0.205075073285162,1.74976262809218,0.791461646556854,-0.142486900091171,0.804185330867767,0.389692157506943,0.804185330867767,1.968573,1.057352
1746642498.25935,1.85456934923979,0.205075126665258,1.74976291914055,,,,,,1.968573,1.057352
1746642498.76237,1.85456938212797,0.205075058349651,1.74976329476473,0.798728823661804,-0.145300924777985,0.811837494373322,0.280189454555511,0.811837494373322,1.968573,1.057352
1746642499.27075,1.85456935791284,0.205074998594096,1.74976364795489,0.798728823661804,-0.145300924777985,0.811837494373322,0.280189454555511,0.811837494373322,1.968573,1.057352
1746642499.75287,1.85456933667227,0.205075175659577,1.74976398257065,0.798728823661804,-0.145300924777985,0.811837494373322,0.280189454555511,0.811837494373322,1.968573,1.057352
1746642500.25627,1.85456940264905,0.205074903588514,1.74976423316811,0.798728823661804,-0.145300924777985,0.811837494373322,0.280189454555511,0.811837494373322,1.968573,1.057352
1746642500.7533,1.85456938261862,0.20507483794766,1.74976458469033,,,,,,1.968573,1.057352
1746642501.25347,1.85456930320268,0.20507493572575,1.74976491624976,,,,,,1.968573,1.057352
1746642501.75398,1.85456935875187,0.205074944891181,1.74976519535539,,,,,,1.968573,1.057352
1746642502.25959,1.85482376666333,0.203633774750128,1.74219649748715,0.797726094722748,-0.143614694476128,0.810550510883331,0.397961974143982,0.810550510883331,1.968573,1.057352
1746642502.7582,1.85482392016515,0.203633976415343,1.74233109563367,0.797726094722748,-0.143614694476128,0.810550510883331,0.397961974143982,0.810550510883331,1.968573,1.057352
1746642503.25281,1.85482400907706,0.203633717844772,1.74233316750071,0.786354064941406,-0.14156736433506,0.798995614051819,0.335714876651764,0.798995614051819,1.968573,1.057352
1746642503.75346,1.85482389250337,0.203633692654938,1.74233341800471,0.786354064941406,-0.14156736433506,0.798995614051819,0.335714876651764,0.798995614051819,1.968573,1.057352
1746642504.26025,1.85482403142583,0.203633718597866,1.74233379064071,0.745278418064117,-0.389873057603836,0.841095089912415,0.299454927444458,0.841095089912415,1.968573,1.057352
1746642504.76019,1.85482403457685,0.203633781235982,1.74233417475316,0.745278418064117,-0.389873057603836,0.841095089912415,0.299454927444458,0.841095089912415,1.968573,1.057352
1746642505.25353,1.85482394379444,0.203633663729785,1.74233451541951,0.745278418064117,-0.389873057603836,0.841095089912415,0.35861399769783,0.841095089912415,1.968573,1.057352
1746642505.75325,1.85482388794186,0.203633780136937,1.7423348615626,0.745278418064117,-0.389873057603836,0.841095089912415,0.35861399769783,0.841095089912415,1.968573,1.057352
1746642506.26001,1.85482396583438,0.203633713706308,1.7423352725288,0.745278418064117,-0.389873057603836,0.841095089912415,0.35861399769783,0.841095089912415,1.968573,1.057352
1746642506.75257,1.8548239644378,0.203633660387536,1.74233567470012,0.745278418064117,-0.389873057603836,0.841095089912415,0.35861399769783,0.841095089912415,1.968573,1.057352
1746642507.25374,1.85482380052361,0.203633627699354,1.74233589964841,0.738659799098969,-0.386410683393478,0.833625495433807,0.300340980291367,0.833625495433807,1.968573,1.057352
1746642507.75673,1.85482392686562,0.203633607367011,1.7423363894295,0.738659799098969,-0.386410683393478,0.833625495433807,0.300340980291367,0.833625495433807,1.968573,1.057352
1746642508.32368,1.85482386132785,0.203633736835001,1.74233673010397,0.738659799098969,-0.386410683393478,0.833625495433807,0.300340980291367,0.833625495433807,1.968573,1.057352
1746642508.75577,1.85482397837883,0.203633656526039,1.74233704315888,0.738659799098969,-0.386410683393478,0.833625495433807,0.300340980291367,0.833625495433807,1.968573,1.057352
1746642509.25337,1.85482393938211,0.203633800016079,1.74233736680015,,,,,,1.968573,1.057352
1746642509.75814,1.85482392938325,0.203633635342305,1.74233771041221,0.738659799098969,-0.386410683393478,0.833625495433807,0.261898964643478,0.833625495433807,1.968573,1.057352
1746642510.25338,1.85482391775486,0.203633747569823,1.74233796681593,0.738659799098969,-0.386410683393478,0.833625495433807,0.261898964643478,0.833625495433807,1.968573,1.057352
1746642510.75532,1.85482402556843,0.20363372395643,1.74233835850352,0.738659799098969,-0.386410683393478,0.833625495433807,0.261898964643478,0.833625495433807,1.968573,1.057352
1746642511.25257,1.85482401341316,0.203633566867682,1.74233862231886,0.738659799098969,-0.386410683393478,0.833625495433807,0.261898964643478,0.833625495433807,1.968573,1.057352
1746642511.75327,1.8548239892949,0.203633670527608,1.74233890853479,,,,,,1.968573,1.057352
1746642512.26164,1.85521112873281,0.201316419916074,1.7311260461505,0.741009712219238,-0.387639969587326,0.836277544498444,0.429688006639481,0.836277544498444,1.968573,1.057352
1746642512.75736,1.85625897065561,0.193944747329987,1.69433954928273,0.741009712219238,-0.387639969587326,0.836277544498444,0.429688006639481,0.836277544498444,1.968573,1.057352
1746642513.26425,1.8568070571057,0.189009870573957,1.66996232390559,0.765387654304504,-0.403278380632401,0.86513102054596,0.324325799942017,0.86513102054596,1.968573,1.057352
1746642513.75279,1.85680679139955,0.189010617270581,1.66979747024797,0.765387654304504,-0.403278380632401,0.86513102054596,0.324325799942017,0.86513102054596,1.968573,1.057352
1746642514.25255,1.85680674415256,0.189010844149247,1.66979799807642,0.741374552249908,-0.387830823659897,0.836689293384552,0.335207015275955,0.836689293384552,1.968573,1.057352
1746642514.75262,1.85680672922919,0.189010780986648,1.66979832789278,0.741374552249908,-0.387830823659897,0.836689293384552,0.335207015275955,0.836689293384552,1.968573,1.057352
1746642515.25303,1.85680688285878,0.18901074911546,1.66979871514029,0.741374552249908,-0.387830823659897,0.836689293384552,0.335207015275955,0.836689293384552,1.968573,1.057352
1746642515.75926,1.85680691111184,0.189010689458442,1.66979910798567,0.820008516311646,-0.073426641523838,0.823289394378662,0.44891157746315,0.823289394378662,1.968573,1.057352
1746642516.25263,1.85741214074046,0.182740964470848,1.66452092260969,0.820008516311646,-0.073426641523838,0.823289394378662,0.44891157746315,0.823289394378662,1.968573,1.057352
1746642516.75715,1.85774317821697,0.179157363084924,1.66149214962379,0.83112508058548,-0.072855278849602,0.83431214094162,0.281098514795303,0.83431214094162,1.968573,1.057352
1746642517.25857,1.85774325043131,0.179157198932558,1.66148916413272,0.83112508058548,-0.072855278849602,0.83431214094162,0.281098514795303,0.83431214094162,1.968573,1.057352
1746642517.75862,1.85774330162399,0.17915721434374,1.66148952669988,0.83112508058548,-0.072855278849602,0.83431214094162,0.281098514795303,0.83431214094162,1.968573,1.057352
1746642518.25525,1.8577433037407,0.179157209109708,1.66148986992187,0.83112508058548,-0.072855278849602,0.83431214094162,0.281098514795303,0.83431214094162,1.968573,1.057352
1746642518.75388,1.85774323131029,0.179157234978785,1.66149016084918,0.808693110942841,-0.063266456127167,0.811164081096649,0.276539772748947,0.811164081096649,1.968573,1.057352
1746642519.25343,1.85774318517381,0.179157400133253,1.66149052496022,0.808693110942841,-0.063266456127167,0.811164081096649,0.280969500541687,0.811164081096649,1.968573,1.057352
1746642519.75293,1.85774321356203,0.179157194704728,1.66149086988036,0.808693110942841,-0.063266456127167,0.811164081096649,0.280969500541687,0.811164081096649,1.968573,1.057352
1746642520.25891,1.85774315718989,0.17915721549104,1.66149117330513,0.808693110942841,-0.063266456127167,0.811164081096649,0.280969500541687,0.811164081096649,1.968573,1.057352
1746642520.77399,1.85774310291072,0.17915713154601,1.66149151694002,0.808693110942841,-0.063266456127167,0.811164081096649,0.280969500541687,0.811164081096649,1.968573,1.057352
1746642521.25356,1.85617785514436,0.195144706141672,1.68097344998192,0.811983585357666,-0.063523881137371,0.814464628696442,0.326688259840012,0.814464628696442,1.968573,1.057352
1746642521.75572,1.85612318453415,0.19563521582199,1.68453295285371,0.811983585357666,-0.063523881137371,0.814464628696442,0.326688259840012,0.814464628696442,1.968573,1.057352
1746642522.25567,1.85612334190681,0.195634950932519,1.68453201442386,0.811983585357666,-0.063523881137371,0.814464628696442,0.326688259840012,0.814464628696442,1.968573,1.057352
1746642522.75272,1.85612325937682,0.195635001036801,1.68453239136346,0.818320631980896,-0.085616633296013,0.822787225246429,0.373781502246857,0.822787225246429,1.968573,1.057352
1746642523.2531,1.85612329454245,0.195635195002047,1.68453280674864,0.818320631980896,-0.085616633296013,0.822787225246429,0.373781502246857,0.822787225246429,1.968573,1.057352
1746642523.75677,1.85612322035559,0.195635047852878,1.68453300333768,0.818320631980896,-0.085616633296013,0.822787225246429,0.373781502246857,0.822787225246429,1.968573,1.057352
1746642524.25389,1.85612315332397,0.195635287038357,1.68453335931061,0.818320631980896,-0.085616633296013,0.822787225246429,0.373781502246857,0.822787225246429,1.968573,1.057352
1746642524.75657,1.85612319325323,0.195635039202726,1.68453370372962,0.803112924098969,-0.084025532007218,0.807496547698975,0.312206566333771,0.807496547698975,1.968573,1.057352
1746642525.25263,1.85612310854757,0.195635202642328,1.68453396140901,0.803112924098969,-0.084025532007218,0.807496547698975,0.312206566333771,0.807496547698975,1.968573,1.057352
1746642525.75257,1.8561231161613,0.19563508722254,1.68453433857267,0.803112924098969,-0.084025532007218,0.807496547698975,0.312206566333771,0.807496547698975,1.968573,1.057352
1746642526.25522,1.85612310490361,0.195635111707975,1.68453467610408,2.80020022392273,-1.35927712917328,3.1126766204834,0.350330233573914,3.1126766204834,1.968573,1.057352
1746642526.76166,1.85612317112734,0.19563525517174,1.68453502390629,2.80020022392273,-1.35927712917328,3.1126766204834,0.350330233573914,3.1126766204834,1.968573,1.057352
1746642527.25407,1.85612320754204,0.195635046474967,1.68453527892322,2.80020022392273,-1.35927712917328,3.1126766204834,0.350330233573914,3.1126766204834,1.968573,1.057352
1746642527.75561,1.85612316892187,0.195635053062633,1.68453563515675,2.80020022392273,-1.35927712917328,3.1126766204834,0.350330233573914,3.1126766204834,1.968573,1.057352
1746642528.25606,1.8561230700384,0.195635122090193,1.68453592321215,2.7878589630127,-1.35328638553619,3.09895825386047,0.265064597129822,3.09895825386047,1.968573,1.057352
1746642528.75398,1.85612325189712,0.195634923663581,1.68453627749683,2.7878589630127,-1.35328638553619,3.09895825386047,0.265064597129822,3.09895825386047,1.968573,1.057352
1746642529.2558,1.85612319621808,0.195634989760927,1.68453649717008,2.7878589630127,-1.35328638553619,3.09895825386047,0.265064597129822,3.09895825386047,1.968573,1.057352
1746642529.76172,1.85612315911297,0.195635049035208,1.68453673949422,2.7878589630127,-1.35328638553619,3.09895825386047,0.265064597129822,3.09895825386047,1.968573,1.057352
1746642530.2532,1.85612317708623,0.195635093062804,1.68453695816566,,,,,,1.968573,1.057352
1746642530.75818,1.85612312321842,0.195634944352724,1.68453730080286,,,,,,1.968573,1.057352
